value,category,icon,class
微笑,,http://img.t.sinajs.cn/t4/appstyle/expression/ext/normal/5c/huanglianwx_thumb.gif
嘻嘻,,http://img.t.sinajs.cn/t4/appstyle/expression/ext/normal/0b/tootha_thumb.gif
哈哈,,http://img.t.sinajs.cn/t4/appstyle/expression/ext/normal/6a/laugh.gif
可爱,,http://img.t.sinajs.cn/t4/appstyle/expression/ext/normal/14/tza_thumb.gif
可怜,,http://img.t.sinajs.cn/t4/appstyle/expression/ext/normal/af/kl_thumb.gif
挖鼻,,http://img.t.sinajs.cn/t4/appstyle/expression/ext/normal/0b/wabi_thumb.gif
吃惊,,http://img.t.sinajs.cn/t4/appstyle/expression/ext/normal/f4/cj_thumb.gif
害羞,,http://img.t.sinajs.cn/t4/appstyle/expression/ext/normal/6e/shamea_thumb.gif
挤眼,,http://img.t.sinajs.cn/t4/appstyle/expression/ext/normal/c3/zy_thumb.gif
闭嘴,,http://img.t.sinajs.cn/t4/appstyle/expression/ext/normal/29/bz_thumb.gif
鄙视,,http://img.t.sinajs.cn/t4/appstyle/expression/ext/normal/71/bs2_thumb.gif
爱你,,http://img.t.sinajs.cn/t4/appstyle/expression/ext/normal/6d/lovea_thumb.gif
泪,,http://img.t.sinajs.cn/t4/appstyle/expression/ext/normal/9d/sada_thumb.gif
偷笑,,http://img.t.sinajs.cn/t4/appstyle/expression/ext/normal/19/heia_thumb.gif
亲亲,,http://img.t.sinajs.cn/t4/appstyle/expression/ext/normal/8f/qq_thumb.gif
生病,,http://img.t.sinajs.cn/t4/appstyle/expression/ext/normal/b6/sb_thumb.gif
太开心,,http://img.t.sinajs.cn/t4/appstyle/expression/ext/normal/58/mb_thumb.gif
白眼,,http://img.t.sinajs.cn/t4/appstyle/expression/ext/normal/d9/landeln_thumb.gif
右哼哼,,http://img.t.sinajs.cn/t4/appstyle/expression/ext/normal/98/yhh_thumb.gif
左哼哼,,http://img.t.sinajs.cn/t4/appstyle/expression/ext/normal/6d/zhh_thumb.gif
嘘,,http://img.t.sinajs.cn/t4/appstyle/expression/ext/normal/a6/x_thumb.gif
衰,,http://img.t.sinajs.cn/t4/appstyle/expression/ext/normal/af/cry.gif
委屈,,http://img.t.sinajs.cn/t4/appstyle/expression/ext/normal/73/wq_thumb.gif
吐,,http://img.t.sinajs.cn/t4/appstyle/expression/ext/normal/9e/t_thumb.gif
哈欠,,http://img.t.sinajs.cn/t4/appstyle/expression/ext/normal/cc/haqianv2_thumb.gif
抱抱,,http://img.t.sinajs.cn/t4/appstyle/expression/ext/normal/27/bba_thumb.gif
怒,,http://img.t.sinajs.cn/t4/appstyle/expression/ext/normal/7c/angrya_thumb.gif
疑问,,http://img.t.sinajs.cn/t4/appstyle/expression/ext/normal/5c/yw_thumb.gif
馋嘴,,http://img.t.sinajs.cn/t4/appstyle/expression/ext/normal/a5/cza_thumb.gif
拜拜,,http://img.t.sinajs.cn/t4/appstyle/expression/ext/normal/70/88_thumb.gif
思考,,http://img.t.sinajs.cn/t4/appstyle/expression/ext/normal/e9/sk_thumb.gif
汗,,http://img.t.sinajs.cn/t4/appstyle/expression/ext/normal/24/sweata_thumb.gif
困,,http://img.t.sinajs.cn/t4/appstyle/expression/ext/normal/40/kunv2_thumb.gif
睡,,http://img.t.sinajs.cn/t4/appstyle/expression/ext/normal/96/huangliansj_thumb.gif
钱,,http://img.t.sinajs.cn/t4/appstyle/expression/ext/normal/90/money_thumb.gif
失望,,http://img.t.sinajs.cn/t4/appstyle/expression/ext/normal/0c/sw_thumb.gif
酷,,http://img.t.sinajs.cn/t4/appstyle/expression/ext/normal/40/cool_thumb.gif
色,,http://img.t.sinajs.cn/t4/appstyle/expression/ext/normal/20/huanglianse_thumb.gif
哼,,http://img.t.sinajs.cn/t4/appstyle/expression/ext/normal/49/hatea_thumb.gif
鼓掌,,http://img.t.sinajs.cn/t4/appstyle/expression/ext/normal/36/gza_thumb.gif
晕,,http://img.t.sinajs.cn/t4/appstyle/expression/ext/normal/d9/dizzya_thumb.gif
悲伤,,http://img.t.sinajs.cn/t4/appstyle/expression/ext/normal/1a/bs_thumb.gif
抓狂,,http://img.t.sinajs.cn/t4/appstyle/expression/ext/normal/62/crazya_thumb.gif
黑线,,http://img.t.sinajs.cn/t4/appstyle/expression/ext/normal/91/h_thumb.gif
阴险,,http://img.t.sinajs.cn/t4/appstyle/expression/ext/normal/6d/yx_thumb.gif
怒骂,,http://img.t.sinajs.cn/t4/appstyle/expression/ext/normal/60/numav2_thumb.gif
互粉,,http://img.t.sinajs.cn/t4/appstyle/expression/ext/normal/89/hufen_thumb.gif
心,,http://img.t.sinajs.cn/t4/appstyle/expression/ext/normal/40/hearta_thumb.gif
伤心,,http://img.t.sinajs.cn/t4/appstyle/expression/ext/normal/ea/unheart.gif
猪头,,http://img.t.sinajs.cn/t4/appstyle/expression/ext/normal/58/pig.gif
熊猫,,http://img.t.sinajs.cn/t4/appstyle/expression/ext/normal/6e/panda_thumb.gif
兔子,,http://img.t.sinajs.cn/t4/appstyle/expression/ext/normal/81/rabbit_thumb.gif
ok,,http://img.t.sinajs.cn/t4/appstyle/expression/ext/normal/d6/ok_thumb.gif
耶,,http://img.t.sinajs.cn/t4/appstyle/expression/ext/normal/d9/ye_thumb.gif
good,,http://img.t.sinajs.cn/t4/appstyle/expression/ext/normal/d8/good_thumb.gif
NO,,http://img.t.sinajs.cn/t4/appstyle/expression/ext/normal/ae/buyao_org.gif
赞,,http://img.t.sinajs.cn/t4/appstyle/expression/ext/normal/d0/z2_thumb.gif
来,,http://img.t.sinajs.cn/t4/appstyle/expression/ext/normal/40/come_thumb.gif
弱,,http://img.t.sinajs.cn/t4/appstyle/expression/ext/normal/d8/sad_thumb.gif
草泥马,,http://img.t.sinajs.cn/t4/appstyle/expression/ext/normal/7a/shenshou_thumb.gif
神马,,http://img.t.sinajs.cn/t4/appstyle/expression/ext/normal/60/horse2_thumb.gif
囧,,http://img.t.sinajs.cn/t4/appstyle/expression/ext/normal/15/j_thumb.gif
浮云,,http://img.t.sinajs.cn/t4/appstyle/expression/ext/normal/bc/fuyun_thumb.gif
给力,,http://img.t.sinajs.cn/t4/appstyle/expression/ext/normal/1e/geiliv2_thumb.gif
围观,,http://img.t.sinajs.cn/t4/appstyle/expression/ext/normal/f2/wg_thumb.gif
威武,,http://img.t.sinajs.cn/t4/appstyle/expression/ext/normal/70/vw_thumb.gif
奥特曼,,http://img.t.sinajs.cn/t4/appstyle/expression/ext/normal/bc/otm_thumb.gif
礼物,,http://img.t.sinajs.cn/t4/appstyle/expression/ext/normal/c4/liwu_thumb.gif
钟,,http://img.t.sinajs.cn/t4/appstyle/expression/ext/normal/d3/clock_thumb.gif
话筒,,http://img.t.sinajs.cn/t4/appstyle/expression/ext/normal/9f/huatongv2_thumb.gif
蜡烛,,http://img.t.sinajs.cn/t4/appstyle/expression/ext/normal/d9/lazhuv2_thumb.gif
蛋糕,,http://img.t.sinajs.cn/t4/appstyle/expression/ext/normal/3a/cakev2_thumb.gif
发红包啦,,http://img.t.sinajs.cn/t4/appstyle/expression/ext/normal/a5/hb_fahongbao2016_thumb.gif
抢到啦,,http://img.t.sinajs.cn/t4/appstyle/expression/ext/normal/65/hb_qiangdao2016_thumb.gif
最右,,http://img.t.sinajs.cn/t4/appstyle/expression/ext/normal/c8/lxhzuiyou_thumb.gif
泪流满面,,http://img.t.sinajs.cn/t4/appstyle/expression/ext/normal/64/lxhtongku_thumb.gif
江南style,,http://img.t.sinajs.cn/t4/appstyle/expression/ext/normal/67/gangnamstyle_thumb.gif
偷乐,,http://img.t.sinajs.cn/t4/appstyle/expression/ext/normal/fa/lxhtouxiao_thumb.gif
加油啊,,http://img.t.sinajs.cn/t4/appstyle/expression/ext/normal/03/lxhjiayou_thumb.gif
doge,,http://img.t.sinajs.cn/t4/appstyle/expression/ext/normal/b6/doge_thumb.gif
喵喵,,http://img.t.sinajs.cn/t4/appstyle/expression/ext/normal/4a/mm_thumb.gif
笑cry,,http://img.t.sinajs.cn/t4/appstyle/expression/ext/normal/34/xiaoku_thumb.gif
xkl转圈,,http://img.t.sinajs.cn/t4/appstyle/expression/ext/normal/f4/xklzhuanquan_thumb.gif
芒果得意,,http://img.t.sinajs.cn/t4/appstyle/expression/ext/normal/ee/mango_03_thumb.gif
芒果流口水,,http://img.t.sinajs.cn/t4/appstyle/expression/ext/normal/64/mango_07_thumb.gif
芒果点赞,,http://img.t.sinajs.cn/t4/appstyle/expression/ext/normal/5c/mango_12_thumb.gif
芒果大笑,,http://img.t.sinajs.cn/t4/appstyle/expression/ext/normal/9f/mango_02_thumb.gif
芒果萌萌哒,,http://img.t.sinajs.cn/t4/appstyle/expression/ext/normal/49/mango_11_thumb.gif
羊年大吉,,http://img.t.sinajs.cn/t4/appstyle/expression/ext/normal/cc/yangniandj_thumb.gif
西瓜,,http://img.t.sinajs.cn/t4/appstyle/expression/ext/normal/6b/watermelon.gif
足球,,http://img.t.sinajs.cn/t4/appstyle/expression/ext/normal/c0/football.gif
老妈我爱你,,http://img.t.sinajs.cn/t4/appstyle/expression/ext/normal/46/mothersday_thumb.gif
母亲节,,http://img.t.sinajs.cn/t4/appstyle/expression/ext/normal/36/carnation_thumb.gif
肥皂,,http://img.t.sinajs.cn/t4/appstyle/expression/ext/normal/e5/soap_thumb.gif
有钱,,http://img.t.sinajs.cn/t4/appstyle/expression/ext/normal/e6/youqian_thumb.gif
地球一小时,,http://img.t.sinajs.cn/t4/appstyle/expression/ext/normal/dc/earth1r_thumb.gif
国旗,,http://img.t.sinajs.cn/t4/appstyle/expression/ext/normal/dc/flag_thumb.gif
许愿,,http://img.t.sinajs.cn/t4/appstyle/expression/ext/normal/87/lxhxuyuan_thumb.gif
风扇,,http://img.t.sinajs.cn/t4/appstyle/expression/ext/normal/92/fan.gif
炸鸡和啤酒,,http://img.t.sinajs.cn/t4/appstyle/expression/ext/normal/f4/zhaji_thumb.gif
雪,,http://img.t.sinajs.cn/t4/appstyle/expression/ext/normal/00/snow_thumb.gif
马上有对象,,http://img.t.sinajs.cn/t4/appstyle/expression/ext/normal/ee/mashangyouduixiang_thumb.gif
马到成功旧,,http://img.t.sinajs.cn/t4/appstyle/expression/ext/normal/30/madaochenggong_thumb.gif
青啤鸿运当头,,http://img.t.sinajs.cn/t4/appstyle/expression/ext/normal/f8/hongyun_thumb.gif
让红包飞,,http://img.t.sinajs.cn/t4/appstyle/expression/ext/normal/0b/hongbaofei2014_thumb.gif
ali做鬼脸,,http://img.t.sinajs.cn/t4/appstyle/expression/ext/normal/20/alizuoguiliannew_thumb.gif
ali哇,,http://img.t.sinajs.cn/t4/appstyle/expression/ext/normal/de/aliwanew_thumb.gif
酷库熊顽皮,,http://img.t.sinajs.cn/t4/appstyle/expression/ext/normal/46/kxwanpi_thumb.gif
bm可爱,,http://img.t.sinajs.cn/t4/appstyle/expression/ext/normal/95/bmkeai_thumb.gif
BOBO爱你,,http://img.t.sinajs.cn/t4/appstyle/expression/ext/normal/74/boaini_thumb.gif
转发,,http://img.t.sinajs.cn/t4/appstyle/expression/ext/normal/02/lxhzhuanfa_thumb.gif
得意地笑,,http://img.t.sinajs.cn/t4/appstyle/expression/ext/normal/d4/lxhdeyidixiao_thumb.gif
ppb鼓掌,,http://img.t.sinajs.cn/t4/appstyle/expression/ext/normal/7e/ppbguzhang_thumb.gif
din推撞,,http://img.t.sinajs.cn/t4/appstyle/expression/ext/normal/dd/dintuizhuang_thumb.gif
moc转发,,http://img.t.sinajs.cn/t4/appstyle/expression/ext/normal/cb/moczhuanfa_thumb.gif
lt切克闹,,http://img.t.sinajs.cn/t4/appstyle/expression/ext/normal/73/ltqiekenao_thumb.gif
笑哈哈,,http://img.t.sinajs.cn/t4/appstyle/expression/ext/normal/32/lxhwahaha_thumb.gif
笑哈哈,浪小花,http://img.t.sinajs.cn/t4/appstyle/expression/ext/normal/32/lxhwahaha_thumb.gif
转发,浪小花,http://img.t.sinajs.cn/t4/appstyle/expression/ext/normal/02/lxhzhuanfa_thumb.gif
得意地笑,浪小花,http://img.t.sinajs.cn/t4/appstyle/expression/ext/normal/d4/lxhdeyidixiao_thumb.gif
噢耶,浪小花,http://img.t.sinajs.cn/t4/appstyle/expression/ext/normal/3b/lxhxixi_thumb.gif
偷乐,浪小花,http://img.t.sinajs.cn/t4/appstyle/expression/ext/normal/fa/lxhtouxiao_thumb.gif
泪流满面,浪小花,http://img.t.sinajs.cn/t4/appstyle/expression/ext/normal/64/lxhtongku_thumb.gif
巨汗,浪小花,http://img.t.sinajs.cn/t4/appstyle/expression/ext/normal/f6/lxhjuhan_thumb.gif
抠鼻屎,浪小花,http://img.t.sinajs.cn/t4/appstyle/expression/ext/normal/48/lxhkoubishi_thumb.gif
求关注,浪小花,http://img.t.sinajs.cn/t4/appstyle/expression/ext/normal/ac/lxhqiuguanzhu_thumb.gif
真V5,浪小花,http://img.t.sinajs.cn/t4/appstyle/expression/ext/normal/3a/lxhv5_thumb.gif
群体围观,浪小花,http://img.t.sinajs.cn/t4/appstyle/expression/ext/normal/a8/lxhweiguan_thumb.gif
hold住,浪小花,http://img.t.sinajs.cn/t4/appstyle/expression/ext/normal/05/lxhholdzhu_thumb.gif
羞嗒嗒,浪小花,http://img.t.sinajs.cn/t4/appstyle/expression/ext/normal/df/lxhxiudada_thumb.gif
非常汗,浪小花,http://img.t.sinajs.cn/t4/appstyle/expression/ext/normal/42/lxhpubuhan_thumb.gif
许愿,浪小花,http://img.t.sinajs.cn/t4/appstyle/expression/ext/normal/87/lxhxuyuan_thumb.gif
崩溃,浪小花,http://img.t.sinajs.cn/t4/appstyle/expression/ext/normal/c7/lxhzhuakuang_thumb.gif
好囧,浪小花,http://img.t.sinajs.cn/t4/appstyle/expression/ext/normal/96/lxhhaojiong_thumb.gif
震惊,浪小花,http://img.t.sinajs.cn/t4/appstyle/expression/ext/normal/e7/lxhchijing_thumb.gif
别烦我,浪小花,http://img.t.sinajs.cn/t4/appstyle/expression/ext/normal/22/lxhbiefanwo_thumb.gif
不好意思,浪小花,http://img.t.sinajs.cn/t4/appstyle/expression/ext/normal/b4/lxhbuhaoyisi_thumb.gif
纠结,浪小花,http://img.t.sinajs.cn/t4/appstyle/expression/ext/normal/1f/lxhjiujie_thumb.gif
拍手,浪小花,http://img.t.sinajs.cn/t4/appstyle/expression/ext/normal/e3/lxhguzhang_thumb.gif
给劲,浪小花,http://img.t.sinajs.cn/t4/appstyle/expression/ext/normal/a5/lxhgeili_thumb.gif
好喜欢,浪小花,http://img.t.sinajs.cn/t4/appstyle/expression/ext/normal/d6/lxhlike_thumb.gif
好爱哦,浪小花,http://img.t.sinajs.cn/t4/appstyle/expression/ext/normal/74/lxhainio_thumb.gif
路过这儿,浪小花,http://img.t.sinajs.cn/t4/appstyle/expression/ext/normal/ac/lxhluguo_thumb.gif
悲催,浪小花,http://img.t.sinajs.cn/t4/appstyle/expression/ext/normal/43/lxhbeicui_thumb.gif
不想上班,浪小花,http://img.t.sinajs.cn/t4/appstyle/expression/ext/normal/6b/lxhbuxiangshangban_thumb.gif
躁狂症,浪小花,http://img.t.sinajs.cn/t4/appstyle/expression/ext/normal/ca/lxhzaokuangzheng_thumb.gif
甩甩手,浪小花,http://img.t.sinajs.cn/t4/appstyle/expression/ext/normal/a6/lxhshuaishuaishou_thumb.gif
瞧瞧,浪小花,http://img.t.sinajs.cn/t4/appstyle/expression/ext/normal/8b/lxhqiaoqiao_thumb.gif
同意,浪小花,http://img.t.sinajs.cn/t4/appstyle/expression/ext/normal/14/lxhtongyi_thumb.gif
喝多了,浪小花,http://img.t.sinajs.cn/t4/appstyle/expression/ext/normal/a7/lxhheduole_thumb.gif
啦啦啦啦,浪小花,http://img.t.sinajs.cn/t4/appstyle/expression/ext/normal/3d/lxhlalalala_thumb.gif
杰克逊,浪小花,http://img.t.sinajs.cn/t4/appstyle/expression/ext/normal/e5/lxhjiekexun_thumb.gif
雷锋,浪小花,http://img.t.sinajs.cn/t4/appstyle/expression/ext/normal/7a/lxhleifeng_thumb.gif
带感,浪小花,http://img.t.sinajs.cn/t4/appstyle/expression/ext/normal/d2/lxhdaigan_thumb.gif
亲一口,浪小花,http://img.t.sinajs.cn/t4/appstyle/expression/ext/normal/88/lxhqinyikou_thumb.gif
飞个吻,浪小花,http://img.t.sinajs.cn/t4/appstyle/expression/ext/normal/8a/lxhblowakiss_thumb.gif
加油啊,浪小花,http://img.t.sinajs.cn/t4/appstyle/expression/ext/normal/03/lxhjiayou_thumb.gif
七夕,浪小花,http://img.t.sinajs.cn/t4/appstyle/expression/ext/normal/9a/lxhqixi_thumb.gif
困死了,浪小花,http://img.t.sinajs.cn/t4/appstyle/expression/ext/normal/00/lxhkunsile_thumb.gif
有鸭梨,浪小花,http://img.t.sinajs.cn/t4/appstyle/expression/ext/normal/7e/lxhyouyali_thumb.gif
右边亮了,浪小花,http://img.t.sinajs.cn/t4/appstyle/expression/ext/normal/ae/lxhliangle_thumb.gif
撒花,浪小花,http://img.t.sinajs.cn/t4/appstyle/expression/ext/normal/b3/lxhfangjiala_thumb.gif
好棒,浪小花,http://img.t.sinajs.cn/t4/appstyle/expression/ext/normal/3e/lxhhaobang_thumb.gif
想一想,浪小花,http://img.t.sinajs.cn/t4/appstyle/expression/ext/normal/e9/lxhxiangyixiang_thumb.gif
下班,浪小花,http://img.t.sinajs.cn/t4/appstyle/expression/ext/normal/f2/lxhxiaban_thumb.gif
最右,浪小花,http://img.t.sinajs.cn/t4/appstyle/expression/ext/normal/c8/lxhzuiyou_thumb.gif
丘比特,浪小花,http://img.t.sinajs.cn/t4/appstyle/expression/ext/normal/35/lxhqiubite_thumb.gif
中箭,浪小花,http://img.t.sinajs.cn/t4/appstyle/expression/ext/normal/81/lxhzhongjian_thumb.gif
互相膜拜,浪小花,http://img.t.sinajs.cn/t4/appstyle/expression/ext/normal/3c/lxhhuxiangmobai_thumb.gif
膜拜了,浪小花,http://img.t.sinajs.cn/t4/appstyle/expression/ext/normal/52/lxhmobai_thumb.gif
放电抛媚,浪小花,http://img.t.sinajs.cn/t4/appstyle/expression/ext/normal/d0/lxhfangdianpaomei_thumb.gif
霹雳,浪小花,http://img.t.sinajs.cn/t4/appstyle/expression/ext/normal/41/lxhshandian_thumb.gif
被电,浪小花,http://img.t.sinajs.cn/t4/appstyle/expression/ext/normal/ed/lxhbeidian_thumb.gif
拍砖,浪小花,http://img.t.sinajs.cn/t4/appstyle/expression/ext/normal/3b/lxhpaizhuan_thumb.gif
互相拍砖,浪小花,http://img.t.sinajs.cn/t4/appstyle/expression/ext/normal/5b/lxhhuxiangpaizhuan_thumb.gif
采访,浪小花,http://img.t.sinajs.cn/t4/appstyle/expression/ext/normal/8b/lxhcaifang_thumb.gif
发表言论,浪小花,http://img.t.sinajs.cn/t4/appstyle/expression/ext/normal/f1/lxhfabiaoyanlun_thumb.gif
江南style,浪小花,http://img.t.sinajs.cn/t4/appstyle/expression/ext/normal/67/gangnamstyle_thumb.gif
牛,浪小花,http://img.t.sinajs.cn/t4/appstyle/expression/ext/normal/24/lxhniu_thumb.gif
玫瑰,浪小花,http://img.t.sinajs.cn/t4/appstyle/expression/ext/normal/f6/lxhrose_thumb.gif
赞啊,浪小花,http://img.t.sinajs.cn/t4/appstyle/expression/ext/normal/00/lxhzan_thumb.gif
推荐,浪小花,http://img.t.sinajs.cn/t4/appstyle/expression/ext/normal/e9/lxhtuijian_thumb.gif
放假啦,浪小花,http://img.t.sinajs.cn/t4/appstyle/expression/ext/normal/37/lxhfangjiale_thumb.gif
萌翻,浪小花,http://img.t.sinajs.cn/t4/appstyle/expression/ext/normal/99/lxhmengfan_thumb.gif
吃货,浪小花,http://img.t.sinajs.cn/t4/appstyle/expression/ext/normal/ba/lxhgreedy_thumb.gif
大南瓜,浪小花,http://img.t.sinajs.cn/t4/appstyle/expression/ext/normal/4d/lxhpumpkin_thumb.gif
立志青年,浪小花,http://img.t.sinajs.cn/t4/appstyle/expression/ext/normal/f9/lxhlizhiqingnian_thumb.gif
得瑟,浪小花,http://img.t.sinajs.cn/t4/appstyle/expression/ext/normal/ca/lxhdese_thumb.gif
月儿圆,浪小花,http://img.t.sinajs.cn/t4/appstyle/expression/ext/normal/3d/lxhyueeryuan_thumb.gif
微博三岁啦,浪小花,http://img.t.sinajs.cn/t4/appstyle/expression/ext/normal/1e/lxhweibo3yr_thumb.gif
复活节,浪小花,http://img.t.sinajs.cn/t4/appstyle/expression/ext/normal/d6/lxhfuhuojie_thumb.gif
愚人节,浪小花,http://img.t.sinajs.cn/t4/appstyle/expression/ext/normal/21/lxhyurenjie_thumb.gif
收藏,浪小花,http://img.t.sinajs.cn/t4/appstyle/expression/ext/normal/83/lxhshoucang_thumb.gif
喜得金牌,浪小花,http://img.t.sinajs.cn/t4/appstyle/expression/ext/normal/a2/lxhhappygold_thumb.gif
夺冠感动,浪小花,http://img.t.sinajs.cn/t4/appstyle/expression/ext/normal/69/lxhduoguan_thumb.gif
冠军诞生,浪小花,http://img.t.sinajs.cn/t4/appstyle/expression/ext/normal/2c/lxhguanjun_thumb.gif
传火炬,浪小花,http://img.t.sinajs.cn/t4/appstyle/expression/ext/normal/f2/lxhchuanhuoju_thumb.gif
奥运金牌,浪小花,http://img.t.sinajs.cn/t4/appstyle/expression/ext/normal/06/lxhgold_thumb.gif
奥运银牌,浪小花,http://img.t.sinajs.cn/t4/appstyle/expression/ext/normal/43/lxhbronze_thumb.gif
奥运铜牌,浪小花,http://img.t.sinajs.cn/t4/appstyle/expression/ext/normal/fd/lxhsilver_thumb.gif
德国加油,浪小花,http://img.t.sinajs.cn/t4/appstyle/expression/ext/normal/12/germany_thumb.gif
西班牙队加油,浪小花,http://img.t.sinajs.cn/t4/appstyle/expression/ext/normal/be/spain_thumb.gif
葡萄牙队加油,浪小花,http://img.t.sinajs.cn/t4/appstyle/expression/ext/normal/f8/portugal_thumb.gif
意大利队加油,浪小花,http://img.t.sinajs.cn/t4/appstyle/expression/ext/normal/03/italy_thumb.gif
耍花灯,浪小花,http://img.t.sinajs.cn/t4/appstyle/expression/ext/normal/be/lxhshuahuadeng_thumb.gif
元宵快乐,浪小花,http://img.t.sinajs.cn/t4/appstyle/expression/ext/normal/83/lxhyuanxiaohappy_thumb.gif
吃元宵,浪小花,http://img.t.sinajs.cn/t4/appstyle/expression/ext/normal/52/lxhchitangyuan_thumb.gif
金元宝,浪小花,http://img.t.sinajs.cn/t4/appstyle/expression/ext/normal/9b/lxhjinyuanbao_thumb.gif
红包拿来,浪小花,http://img.t.sinajs.cn/t4/appstyle/expression/ext/normal/bd/lxhhongbaonalai_thumb.gif
福到啦,浪小花,http://img.t.sinajs.cn/t4/appstyle/expression/ext/normal/f4/lxhfudaola_thumb.gif
放鞭炮,浪小花,http://img.t.sinajs.cn/t4/appstyle/expression/ext/normal/bd/lxhbianpao_thumb.gif
大红灯笼,浪小花,http://img.t.sinajs.cn/t4/appstyle/expression/ext/normal/90/lxhdahongdenglong_thumb.gif
拜年了,浪小花,http://img.t.sinajs.cn/t4/appstyle/expression/ext/normal/0c/lxhbainianle_thumb.gif
龙啸,浪小花,http://img.t.sinajs.cn/t4/appstyle/expression/ext/normal/cd/lxhlongxiao_thumb.gif
光棍节,浪小花,http://img.t.sinajs.cn/t4/appstyle/expression/ext/normal/5b/lxh1111_thumb.gif
带着微博去旅行,浪小花,http://img.t.sinajs.cn/t4/appstyle/expression/ext/normal/ec/eventtravel_thumb.gif
爱红包,浪小花,http://img.t.sinajs.cn/t4/appstyle/expression/ext/normal/fa/aihongbao_thumb.gif
拍照,浪小花,http://img.t.sinajs.cn/t4/appstyle/expression/ext/normal/d5/lxhpz_thumb.gif
发红包,浪小花,http://img.t.sinajs.cn/t4/appstyle/expression/ext/normal/ca/fahongbao_thumb.gif
冰桶挑战,浪小花,http://img.t.sinajs.cn/t4/appstyle/expression/ext/normal/8d/bttz_thumb.gif
欢乐购车季,浪小花,http://img.t.sinajs.cn/t4/appstyle/expression/ext/normal/69/hlgcj_thumb.gif
去旅行,浪小花,http://img.t.sinajs.cn/t4/appstyle/expression/ext/normal/7e/qlx_thumb.gif
肥皂,浪小花,http://img.t.sinajs.cn/t4/appstyle/expression/ext/normal/e5/soap_thumb.gif
马上拜年,浪小花,http://img.t.sinajs.cn/t4/appstyle/expression/ext/normal/9c/mashangbainian_thumb.gif
求红包,浪小花,http://img.t.sinajs.cn/t4/appstyle/expression/ext/normal/49/lxhhongbao2014_thumb.gif
微公益爱心,浪小花,http://img.t.sinajs.cn/t4/appstyle/expression/ext/normal/11/lxhgongyi_thumb.gif
会员一周年,浪小花,http://img.t.sinajs.cn/t4/appstyle/expression/ext/normal/19/vipanniversary_thumb.gif
蛇年快乐,浪小花,http://img.t.sinajs.cn/t4/appstyle/expression/ext/normal/5f/lxhshenian_thumb.gif
过年啦,浪小花,http://img.t.sinajs.cn/t4/appstyle/expression/ext/normal/94/lxhguonianla_thumb.gif
圆蛋快乐,浪小花,http://img.t.sinajs.cn/t4/appstyle/expression/ext/normal/eb/lxhyuandan_thumb.gif
发礼物,浪小花,http://img.t.sinajs.cn/t4/appstyle/expression/ext/normal/24/lxh_santa_thumb.gif
要礼物,浪小花,http://img.t.sinajs.cn/t4/appstyle/expression/ext/normal/d2/lxh_gift_thumb.gif
平安果,浪小花,http://img.t.sinajs.cn/t4/appstyle/expression/ext/normal/0f/lxh_apple_thumb.gif
吓到了,浪小花,http://img.t.sinajs.cn/t4/appstyle/expression/ext/normal/fa/lxhscare_thumb.gif
走你,浪小花,http://img.t.sinajs.cn/t4/appstyle/expression/ext/normal/ed/zouni_thumb.gif
吐血,浪小花,http://img.t.sinajs.cn/t4/appstyle/expression/ext/normal/8c/lxhtuxue_thumb.gif
好激动,浪小花,http://img.t.sinajs.cn/t4/appstyle/expression/ext/normal/ae/lxhjidong_thumb.gif
没人疼,浪小花,http://img.t.sinajs.cn/t4/appstyle/expression/ext/normal/23/lxhlonely_thumb.gif
招财,浪小花,http://img.t.sinajs.cn/t4/appstyle/expression/ext/normal/a9/lxhzhaocai_thumb.gif
挤火车,浪小花,http://img.t.sinajs.cn/t4/appstyle/expression/ext/normal/09/lxhjihuoche_thumb.gif
赶火车,浪小花,http://img.t.sinajs.cn/t4/appstyle/expression/ext/normal/a2/lxhganhuoche_thumb.gif
哆啦A梦花心,哆啦A梦,http://img.t.sinajs.cn/t4/appstyle/expression/ext/normal/08/dorahaose_thumb.gif
哆啦A梦害怕,哆啦A梦,http://img.t.sinajs.cn/t4/appstyle/expression/ext/normal/c7/dorahaipa_thumb.gif
哆啦A梦吃惊,哆啦A梦,http://img.t.sinajs.cn/t4/appstyle/expression/ext/normal/f0/dorachijing_thumb.gif
哆啦A梦汗,哆啦A梦,http://img.t.sinajs.cn/t4/appstyle/expression/ext/normal/61/dorahan_thumb.gif
哆啦A梦微笑,哆啦A梦,http://img.t.sinajs.cn/t4/appstyle/expression/ext/normal/9e/jqmweixiao_thumb.gif
伴我同行,哆啦A梦,http://img.t.sinajs.cn/t4/appstyle/expression/ext/normal/ef/jqmbwtxing_thumb.gif
静香微笑,哆啦A梦,http://img.t.sinajs.cn/t4/appstyle/expression/ext/normal/29/jiqimaojingxiang_thumb.gif
大雄微笑,哆啦A梦,http://img.t.sinajs.cn/t4/appstyle/expression/ext/normal/8e/jiqimaodaxiong_thumb.gif
胖虎微笑,哆啦A梦,http://img.t.sinajs.cn/t4/appstyle/expression/ext/normal/2f/jiqimaopanghu_thumb.gif
小夫微笑,哆啦A梦,http://img.t.sinajs.cn/t4/appstyle/expression/ext/normal/21/jiqimaoxiaofu_thumb.gif
bm做操,暴走漫画,http://img.t.sinajs.cn/t4/appstyle/expression/ext/normal/09/bmzuocao_thumb.gif
bm抓狂,暴走漫画,http://img.t.sinajs.cn/t4/appstyle/expression/ext/normal/60/bmzhuakuang_thumb.gif
bm中枪,暴走漫画,http://img.t.sinajs.cn/t4/appstyle/expression/ext/normal/ff/bmzhongqiang_thumb.gif
bm震惊,暴走漫画,http://img.t.sinajs.cn/t4/appstyle/expression/ext/normal/63/bmzhenjing_thumb.gif
bm赞,暴走漫画,http://img.t.sinajs.cn/t4/appstyle/expression/ext/normal/c9/bmzan_thumb.gif
bm喜悦,暴走漫画,http://img.t.sinajs.cn/t4/appstyle/expression/ext/normal/47/bmxiyue_thumb.gif
bm醒悟,暴走漫画,http://img.t.sinajs.cn/t4/appstyle/expression/ext/normal/8f/bmxingwu_thumb.gif
bm兴奋,暴走漫画,http://img.t.sinajs.cn/t4/appstyle/expression/ext/normal/a7/bmxingfen_thumb.gif
bm血泪,暴走漫画,http://img.t.sinajs.cn/t4/appstyle/expression/ext/normal/0d/bmxielei_thumb.gif
bm挖鼻孔,暴走漫画,http://img.t.sinajs.cn/t4/appstyle/expression/ext/normal/bd/bmwabikong_thumb.gif
bm吐舌头,暴走漫画,http://img.t.sinajs.cn/t4/appstyle/expression/ext/normal/8f/bmtushetou_thumb.gif
bm吐槽,暴走漫画,http://img.t.sinajs.cn/t4/appstyle/expression/ext/normal/73/bmtucao_thumb.gif
bm投诉,暴走漫画,http://img.t.sinajs.cn/t4/appstyle/expression/ext/normal/04/bmtousu_thumb.gif
bm跳绳,暴走漫画,http://img.t.sinajs.cn/t4/appstyle/expression/ext/normal/2a/bmtiaosheng_thumb.gif
bm调皮,暴走漫画,http://img.t.sinajs.cn/t4/appstyle/expression/ext/normal/da/bmtiaopi_thumb.gif
bm讨论,暴走漫画,http://img.t.sinajs.cn/t4/appstyle/expression/ext/normal/20/bmtaolun_thumb.gif
bm抬腿,暴走漫画,http://img.t.sinajs.cn/t4/appstyle/expression/ext/normal/86/bmtaitui_thumb.gif
bm思考,暴走漫画,http://img.t.sinajs.cn/t4/appstyle/expression/ext/normal/0f/bmsikao_thumb.gif
bm生气,暴走漫画,http://img.t.sinajs.cn/t4/appstyle/expression/ext/normal/8f/bmshengqi_thumb.gif
bm亲吻,暴走漫画,http://img.t.sinajs.cn/t4/appstyle/expression/ext/normal/a4/bmqinwen_thumb.gif
bm庆幸,暴走漫画,http://img.t.sinajs.cn/t4/appstyle/expression/ext/normal/6c/bmqingxing_thumb.gif
bm内涵,暴走漫画,http://img.t.sinajs.cn/t4/appstyle/expression/ext/normal/66/bmneihan_thumb.gif
bm忙碌,暴走漫画,http://img.t.sinajs.cn/t4/appstyle/expression/ext/normal/18/bmmanglu_thumb.gif
bm乱入,暴走漫画,http://img.t.sinajs.cn/t4/appstyle/expression/ext/normal/a9/bmluanru_thumb.gif
bm卖萌,暴走漫画,http://img.t.sinajs.cn/t4/appstyle/expression/ext/normal/ba/bmluanmeng_thumb.gif
bm流泪,暴走漫画,http://img.t.sinajs.cn/t4/appstyle/expression/ext/normal/d6/bmliulei_thumb.gif
bm流口水,暴走漫画,http://img.t.sinajs.cn/t4/appstyle/expression/ext/normal/a4/bmliukoushui_thumb.gif
bm流鼻涕,暴走漫画,http://img.t.sinajs.cn/t4/appstyle/expression/ext/normal/4f/bmliubiti_thumb.gif
bm路过,暴走漫画,http://img.t.sinajs.cn/t4/appstyle/expression/ext/normal/75/bmliguo_thumb.gif
bm咧嘴,暴走漫画,http://img.t.sinajs.cn/t4/appstyle/expression/ext/normal/3e/bmliezui_thumb.gif
bm啦啦队,暴走漫画,http://img.t.sinajs.cn/t4/appstyle/expression/ext/normal/4e/bmlaladui_thumb.gif
bm哭诉,暴走漫画,http://img.t.sinajs.cn/t4/appstyle/expression/ext/normal/9b/bmkusu_thumb.gif
bm哭泣,暴走漫画,http://img.t.sinajs.cn/t4/appstyle/expression/ext/normal/a8/bmkuqi_thumb.gif
bm苦逼,暴走漫画,http://img.t.sinajs.cn/t4/appstyle/expression/ext/normal/dc/bmkubi_thumb.gif
bm口哨,暴走漫画,http://img.t.sinajs.cn/t4/appstyle/expression/ext/normal/0c/bmkoushao_thumb.gif
bm可爱,暴走漫画,http://img.t.sinajs.cn/t4/appstyle/expression/ext/normal/95/bmkeai_thumb.gif
bm紧张,暴走漫画,http://img.t.sinajs.cn/t4/appstyle/expression/ext/normal/4c/bmjinzhang_thumb.gif
bm惊讶,暴走漫画,http://img.t.sinajs.cn/t4/appstyle/expression/ext/normal/03/bmjingya_thumb.gif
bm惊吓,暴走漫画,http://img.t.sinajs.cn/t4/appstyle/expression/ext/normal/be/bmjingxia_thumb.gif
bm焦虑,暴走漫画,http://img.t.sinajs.cn/t4/appstyle/expression/ext/normal/4e/bmjiaolv_thumb.gif
bm会心笑,暴走漫画,http://img.t.sinajs.cn/t4/appstyle/expression/ext/normal/7e/bmhuixinxiao_thumb.gif
bm坏笑,暴走漫画,http://img.t.sinajs.cn/t4/appstyle/expression/ext/normal/ec/bmhuaixiao_thumb.gif
bm花痴,暴走漫画,http://img.t.sinajs.cn/t4/appstyle/expression/ext/normal/4b/bmhuachi_thumb.gif
bm厚脸皮,暴走漫画,http://img.t.sinajs.cn/t4/appstyle/expression/ext/normal/61/bmhoulianpi_thumb.gif
bm好吧,暴走漫画,http://img.t.sinajs.cn/t4/appstyle/expression/ext/normal/16/bmhaoba_thumb.gif
bm害怕,暴走漫画,http://img.t.sinajs.cn/t4/appstyle/expression/ext/normal/6c/bmhaipa_thumb.gif
bm鬼脸,暴走漫画,http://img.t.sinajs.cn/t4/appstyle/expression/ext/normal/15/bmguilian_thumb.gif
bm孤独,暴走漫画,http://img.t.sinajs.cn/t4/appstyle/expression/ext/normal/e4/bmgudu_thumb.gif
bm高兴,暴走漫画,http://img.t.sinajs.cn/t4/appstyle/expression/ext/normal/85/bmgaoxing_thumb.gif
bm搞怪,暴走漫画,http://img.t.sinajs.cn/t4/appstyle/expression/ext/normal/4b/bmgaoguai_thumb.gif
bm干笑,暴走漫画,http://img.t.sinajs.cn/t4/appstyle/expression/ext/normal/b4/bmganxiao_thumb.gif
bm感动,暴走漫画,http://img.t.sinajs.cn/t4/appstyle/expression/ext/normal/34/bmgandong_thumb.gif
bm愤懑,暴走漫画,http://img.t.sinajs.cn/t4/appstyle/expression/ext/normal/fc/bmfenmen_thumb.gif
bm反对,暴走漫画,http://img.t.sinajs.cn/t4/appstyle/expression/ext/normal/b6/bmfandui_thumb.gif
bm踱步,暴走漫画,http://img.t.sinajs.cn/t4/appstyle/expression/ext/normal/54/bmduobu_thumb.gif
bm顶,暴走漫画,http://img.t.sinajs.cn/t4/appstyle/expression/ext/normal/34/bmding_thumb.gif
bm得意,暴走漫画,http://img.t.sinajs.cn/t4/appstyle/expression/ext/normal/7a/bmdeyi_thumb.gif
bm得瑟,暴走漫画,http://img.t.sinajs.cn/t4/appstyle/expression/ext/normal/7d/bmdese_thumb.gif
bm大笑,暴走漫画,http://img.t.sinajs.cn/t4/appstyle/expression/ext/normal/37/bmdaxiao_thumb.gif
bm蛋糕,暴走漫画,http://img.t.sinajs.cn/t4/appstyle/expression/ext/normal/f8/bmdangao_thumb.gif
bm大哭,暴走漫画,http://img.t.sinajs.cn/t4/appstyle/expression/ext/normal/dc/bmdaku_thumb.gif
bm大叫,暴走漫画,http://img.t.sinajs.cn/t4/appstyle/expression/ext/normal/83/bmdajiao_thumb.gif
bm吃惊,暴走漫画,http://img.t.sinajs.cn/t4/appstyle/expression/ext/normal/b0/bmchijing_thumb.gif
bm馋,暴走漫画,http://img.t.sinajs.cn/t4/appstyle/expression/ext/normal/d9/bmchan_thumb.gif
bm彩色,暴走漫画,http://img.t.sinajs.cn/t4/appstyle/expression/ext/normal/7e/bmcaise_thumb.gif
bm缤纷,暴走漫画,http://img.t.sinajs.cn/t4/appstyle/expression/ext/normal/15/bmbinfen_thumb.gif
bm变身,暴走漫画,http://img.t.sinajs.cn/t4/appstyle/expression/ext/normal/b7/bmbianshen_thumb.gif
bm悲催,暴走漫画,http://img.t.sinajs.cn/t4/appstyle/expression/ext/normal/77/bmbeicui_thumb.gif
bm暴怒,暴走漫画,http://img.t.sinajs.cn/t4/appstyle/expression/ext/normal/12/bmbaonu_thumb.gif
bm熬夜,暴走漫画,http://img.t.sinajs.cn/t4/appstyle/expression/ext/normal/a4/bmaoye_thumb.gif
bm暗爽,暴走漫画,http://img.t.sinajs.cn/t4/appstyle/expression/ext/normal/bc/bmanshuang_thumb.gif
xkl拜年,小恐龙,http://img.t.sinajs.cn/t4/appstyle/expression/ext/normal/8e/xklbainian_thumb.gif
xkl恭喜,小恐龙,http://img.t.sinajs.cn/t4/appstyle/expression/ext/normal/40/xklgongxi_thumb.gif
xkl发财,小恐龙,http://img.t.sinajs.cn/t4/appstyle/expression/ext/normal/7c/xklfacai_thumb.gif
xkl鞭炮,小恐龙,http://img.t.sinajs.cn/t4/appstyle/expression/ext/normal/96/xklbianpao_thumb.gif
xkl下雪,小恐龙,http://img.t.sinajs.cn/t4/appstyle/expression/ext/normal/f7/xklxiaxue_thumb.gif
xkl撒花,小恐龙,http://img.t.sinajs.cn/t4/appstyle/expression/ext/normal/b8/xklsahua_thumb.gif
xkl扔糖豆,小恐龙,http://img.t.sinajs.cn/t4/appstyle/expression/ext/normal/a3/xklrengtangdou_thumb.gif
xkl扭,小恐龙,http://img.t.sinajs.cn/t4/appstyle/expression/ext/normal/25/xklniu_thumb.gif
xkl你拍一,小恐龙,http://img.t.sinajs.cn/t4/appstyle/expression/ext/normal/da/xklnipaiyi_thumb.gif
xkl打岔,小恐龙,http://img.t.sinajs.cn/t4/appstyle/expression/ext/normal/4e/xkldacha_thumb.gif
dada搬糖豆,小恐龙,http://img.t.sinajs.cn/t4/appstyle/expression/ext/normal/8e/xklbanyun2_thumb.gif
xkl搬糖豆,小恐龙,http://img.t.sinajs.cn/t4/appstyle/expression/ext/normal/1c/xklbanyun1_thumb.gif
dada转圈,小恐龙,http://img.t.sinajs.cn/t4/appstyle/expression/ext/normal/02/dadazhuanquan_thumb.gif
dada秧歌,小恐龙,http://img.t.sinajs.cn/t4/appstyle/expression/ext/normal/76/dadayangge_thumb.gif
dada提灯笼,小恐龙,http://img.t.sinajs.cn/t4/appstyle/expression/ext/normal/68/dadadenglong_thumb.gif
xkl追,小恐龙,http://img.t.sinajs.cn/t4/appstyle/expression/ext/normal/b5/xklzhui_thumb.gif
xkl拥抱,小恐龙,http://img.t.sinajs.cn/t4/appstyle/expression/ext/normal/0f/xklyongbao_thumb.gif
xkl亲亲,小恐龙,http://img.t.sinajs.cn/t4/appstyle/expression/ext/normal/11/xklqinqin_thumb.gif
xkl困,小恐龙,http://img.t.sinajs.cn/t4/appstyle/expression/ext/normal/8f/xklkun_thumb.gif
xkl达达喜欢,小恐龙,http://img.t.sinajs.cn/t4/appstyle/expression/ext/normal/d4/xkldadaxihuan_thumb.gif
xkl达达吐舌头,小恐龙,http://img.t.sinajs.cn/t4/appstyle/expression/ext/normal/86/xkldadatushetou_thumb.gif
xkl达达坏笑,小恐龙,http://img.t.sinajs.cn/t4/appstyle/expression/ext/normal/11/xkldadahuaixiao_thumb.gif
xkl达达黑暗,小恐龙,http://img.t.sinajs.cn/t4/appstyle/expression/ext/normal/aa/xkldadaheian_thumb.gif
xkl吃西瓜,小恐龙,http://img.t.sinajs.cn/t4/appstyle/expression/ext/normal/45/xklchixigua_thumb.gif
kxl晕,小恐龙,http://img.t.sinajs.cn/t4/appstyle/expression/ext/normal/c6/kxlyun_thumb.gif
xkl抓狂,小恐龙,http://img.t.sinajs.cn/t4/appstyle/expression/ext/normal/5a/xklzhuakuang_thumb.gif
xkl眨眼,小恐龙,http://img.t.sinajs.cn/t4/appstyle/expression/ext/normal/bb/xklzhayan_thumb.gif
xkl摇尾巴,小恐龙,http://img.t.sinajs.cn/t4/appstyle/expression/ext/normal/c2/xklyaoweiba_thumb.gif
xkl偷看,小恐龙,http://img.t.sinajs.cn/t4/appstyle/expression/ext/normal/88/xkltoukan_thumb.gif
xkl糖豆,小恐龙,http://img.t.sinajs.cn/t4/appstyle/expression/ext/normal/32/xkltangdou_thumb.gif
xkl囧,小恐龙,http://img.t.sinajs.cn/t4/appstyle/expression/ext/normal/a9/xkljiong_thumb.gif
xkl抚摸,小恐龙,http://img.t.sinajs.cn/t4/appstyle/expression/ext/normal/18/xklfumo_thumb.gif
xkl奔跑,小恐龙,http://img.t.sinajs.cn/t4/appstyle/expression/ext/normal/54/xklbenpao_thumb.gif
xkl被抓,小恐龙,http://img.t.sinajs.cn/t4/appstyle/expression/ext/normal/ca/xklbeizhua_thumb.gif
xkl被电,小恐龙,http://img.t.sinajs.cn/t4/appstyle/expression/ext/normal/a4/xklbeidian_thumb.gif
xkl怒火,小恐龙,http://img.t.sinajs.cn/t4/appstyle/expression/ext/normal/8a/xlknuhuo_thumb.gif
xkl转圈,小恐龙,http://img.t.sinajs.cn/t4/appstyle/expression/ext/normal/f4/xklzhuanquan_thumb.gif
xkl喜,小恐龙,http://img.t.sinajs.cn/t4/appstyle/expression/ext/normal/a8/xklxi_thumb.gif
xkl委屈,小恐龙,http://img.t.sinajs.cn/t4/appstyle/expression/ext/normal/0a/xklweiqu_thumb.gif
xkl石化,小恐龙,http://img.t.sinajs.cn/t4/appstyle/expression/ext/normal/29/xklshihua_thumb.gif
xkl期待,小恐龙,http://img.t.sinajs.cn/t4/appstyle/expression/ext/normal/3c/xklqidai_thumb.gif
xkl捏脸,小恐龙,http://img.t.sinajs.cn/t4/appstyle/expression/ext/normal/2c/xklnielian_thumb.gif
xkl路过,小恐龙,http://img.t.sinajs.cn/t4/appstyle/expression/ext/normal/00/xklluguo_thumb.gif
xkl哈哈哈,小恐龙,http://img.t.sinajs.cn/t4/appstyle/expression/ext/normal/98/xklhahaha_thumb.gif
xkl顶,小恐龙,http://img.t.sinajs.cn/t4/appstyle/expression/ext/normal/5e/xklding_thumb.gif
lt火车票,冷兔,http://img.t.sinajs.cn/t4/appstyle/expression/ext/normal/71/lttickets_thumb.gif
lt五一,冷兔,http://img.t.sinajs.cn/t4/appstyle/expression/ext/normal/f7/ltwuyi_thumb.gif
lt新年好,冷兔,http://img.t.sinajs.cn/t4/appstyle/expression/ext/normal/eb/ltxinnianhao_thumb.gif
lt火车,冷兔,http://img.t.sinajs.cn/t4/appstyle/expression/ext/normal/22/lttrain_thumb.gif
lt红包,冷兔,http://img.t.sinajs.cn/t4/appstyle/expression/ext/normal/1e/lthongbao_thumb.gif
lt摇滚,冷兔,http://img.t.sinajs.cn/t4/appstyle/expression/ext/normal/ce/ltrock_thumb.gif
lt万圣节,冷兔,http://img.t.sinajs.cn/t4/appstyle/expression/ext/normal/f8/lthalloween_thumb.gif
lt赞,冷兔,http://img.t.sinajs.cn/t4/appstyle/expression/ext/normal/21/ltgood_thumb.gif
lt江南style,冷兔,http://img.t.sinajs.cn/t4/appstyle/expression/ext/normal/13/ltgangnamstyle_thumb.gif
lt吃东西,冷兔,http://img.t.sinajs.cn/t4/appstyle/expression/ext/normal/18/lteating_thumb.gif
lt最右,冷兔,http://img.t.sinajs.cn/t4/appstyle/expression/ext/normal/f1/ltzuiyou_thumb.gif
lt切克闹,冷兔,http://img.t.sinajs.cn/t4/appstyle/expression/ext/normal/73/ltqiekenao_thumb.gif
lt犯困,冷兔,http://img.t.sinajs.cn/t4/appstyle/expression/ext/normal/e1/ltfankun_thumb.gif
lt戳瞎,冷兔,http://img.t.sinajs.cn/t4/appstyle/expression/ext/normal/0c/ltchuoxia_thumb.gif
lt鼻血,冷兔,http://img.t.sinajs.cn/t4/appstyle/expression/ext/normal/91/ltbixue_thumb.gif
lt阴险,冷兔,http://img.t.sinajs.cn/t4/appstyle/expression/ext/normal/8d/ltyinxian_thumb.gif
lt摇摆,冷兔,http://img.t.sinajs.cn/t4/appstyle/expression/ext/normal/25/ltyaobai_thumb.gif
lt羞,冷兔,http://img.t.sinajs.cn/t4/appstyle/expression/ext/normal/ec/ltxiu_thumb.gif
lt闪瞎,冷兔,http://img.t.sinajs.cn/t4/appstyle/expression/ext/normal/d0/ltshanxia_thumb.gif
lt拍手,冷兔,http://img.t.sinajs.cn/t4/appstyle/expression/ext/normal/8f/ltpaishou_thumb.gif
lt蛋疼,冷兔,http://img.t.sinajs.cn/t4/appstyle/expression/ext/normal/24/ltdanteng_thumb.gif
lt撒花,冷兔,http://img.t.sinajs.cn/t4/appstyle/expression/ext/normal/36/ltsahua_thumb.gif
lt母亲节,冷兔,http://img.t.sinajs.cn/t4/appstyle/expression/ext/normal/9c/ltmuqinjie_thumb.gif
lt挖鼻,冷兔,http://img.t.sinajs.cn/t4/appstyle/expression/ext/normal/c5/ltwabi_thumb.gif
lt哈欠,冷兔,http://img.t.sinajs.cn/t4/appstyle/expression/ext/normal/fc/lehaqian_thumb.gif
lt泪目,冷兔,http://img.t.sinajs.cn/t4/appstyle/expression/ext/normal/31/ltleimu_thumb.gif
lt雷,冷兔,http://img.t.sinajs.cn/t4/appstyle/expression/ext/normal/ee/ltlei_thumb.gif
lt中枪,冷兔,http://img.t.sinajs.cn/t4/appstyle/expression/ext/normal/0c/ltzhongqiang_thumb.gif
lt耳朵,冷兔,http://img.t.sinajs.cn/t4/appstyle/expression/ext/normal/8c/lterduo_thumb.gif
lt顶,冷兔,http://img.t.sinajs.cn/t4/appstyle/expression/ext/normal/02/ltding_thumb.gif
lt潜水,冷兔,http://img.t.sinajs.cn/t4/appstyle/expression/ext/normal/80/ltqianshui_thumb.gif
lt拍桌大笑,冷兔,http://img.t.sinajs.cn/t4/appstyle/expression/ext/normal/80/ltpaizhuodaxiao_thumb.gif
lt黑线,冷兔,http://img.t.sinajs.cn/t4/appstyle/expression/ext/normal/c0/ltheixian_thumb.gif,negative
lt喷血,冷兔,http://img.t.sinajs.cn/t4/appstyle/expression/ext/normal/f1/ltpenxue_thumb.gif,negative
lt巨汗,冷兔,http://img.t.sinajs.cn/t4/appstyle/expression/ext/normal/35/ltjuhan_thumb.gif,negative
lt疑惑,冷兔,http://img.t.sinajs.cn/t4/appstyle/expression/ext/normal/d7/ltyihuo_thumb.gif,neutral
lt浮云,冷兔,http://img.t.sinajs.cn/t4/appstyle/expression/ext/normal/a8/ltfuyun_thumb.gif,neutral
lt笑话,冷兔,http://img.t.sinajs.cn/t4/appstyle/expression/ext/normal/1f/ltxiaohua_thumb.gif,positive
lt喷,冷兔,http://img.t.sinajs.cn/t4/appstyle/expression/ext/normal/38/ltpen_thumb.gif,negative
lt雪,冷兔,http://img.t.sinajs.cn/t4/appstyle/expression/ext/normal/f8/ltxue_thumb.gif,neutral
lt转发,冷兔,http://img.t.sinajs.cn/t4/appstyle/expression/ext/normal/3f/ltzhuanfa_thumb.gif,neutral
lt偷窥,冷兔,http://img.t.sinajs.cn/t4/appstyle/expression/ext/normal/57/lttoukui_thumb.gif,neutral
lt惊吓,冷兔,http://img.t.sinajs.cn/t4/appstyle/expression/ext/normal/3e/ltjingxia_thumb.gif,negative
lt囧,冷兔,http://img.t.sinajs.cn/t4/appstyle/expression/ext/normal/01/ltjiong_thumb.gif,neutral
lt灰飞烟灭,冷兔,http://img.t.sinajs.cn/t4/appstyle/expression/ext/normal/ba/lthuifeiyanmie_thumb.gif,negative
lt冰封,冷兔,http://img.t.sinajs.cn/t4/appstyle/expression/ext/normal/45/ltbengfeng_thumb.gif,negative
lt吐,冷兔,http://img.t.sinajs.cn/t4/appstyle/expression/ext/normal/17/lttu_thumb.gif,negative
lt吹泡泡,冷兔,http://img.t.sinajs.cn/t4/appstyle/expression/ext/normal/b9/ltchuipaopao_thumb.gif,neutral
lt吓,冷兔,http://img.t.sinajs.cn/t4/appstyle/expression/ext/normal/e1/ltxia_thumb.gif,negative
芒果点赞,芒果表情,http://img.t.sinajs.cn/t4/appstyle/expression/ext/normal/5c/mango_12_thumb.gif,positive
芒果萌萌哒,芒果表情,http://img.t.sinajs.cn/t4/appstyle/expression/ext/normal/49/mango_11_thumb.gif,positive
芒果舔屏,芒果表情,http://img.t.sinajs.cn/t4/appstyle/expression/ext/normal/68/mango_10_thumb.gif,positive
芒果帅炸了,芒果表情,http://img.t.sinajs.cn/t4/appstyle/expression/ext/normal/29/mango_09_thumb.gif,positive
芒果魔性,芒果表情,http://img.t.sinajs.cn/t4/appstyle/expression/ext/normal/06/mango_08_thumb.gif,neutral
芒果流口水,芒果表情,http://img.t.sinajs.cn/t4/appstyle/expression/ext/normal/64/mango_07_thumb.gif,positive
芒果可怜,芒果表情,http://img.t.sinajs.cn/t4/appstyle/expression/ext/normal/dc/mango_06_thumb.gif,negative
芒果惊讶,芒果表情,http://img.t.sinajs.cn/t4/appstyle/expression/ext/normal/df/mango_05_thumb.gif,neutral
芒果红包脸,芒果表情,http://img.t.sinajs.cn/t4/appstyle/expression/ext/normal/3d/mango_04_thumb.gif,neutral
芒果得意,芒果表情,http://img.t.sinajs.cn/t4/appstyle/expression/ext/normal/ee/mango_03_thumb.gif,positive
芒果大笑,芒果表情,http://img.t.sinajs.cn/t4/appstyle/expression/ext/normal/9f/mango_02_thumb.gif,positive
芒果霸屏,芒果表情,http://img.t.sinajs.cn/t4/appstyle/expression/ext/normal/32/mango_01_thumb.gif,neutral
粉丝俱乐部,明星表情,http://img.t.sinajs.cn/t4/appstyle/expression/ext/normal/43/fansclub_thumb.gif,neutral
应援,明星表情,http://img.t.sinajs.cn/t4/appstyle/expression/ext/normal/5f/fansyingyuan_thumb.gif,neutral
TF,明星表情,http://img.t.sinajs.cn/t4/appstyle/expression/ext/normal/24/tffans_thumb.gif,neutral
凯,明星表情,http://img.t.sinajs.cn/t4/appstyle/expression/ext/normal/9d/tfkai_thumb.gif,neutral
源,明星表情,http://img.t.sinajs.cn/t4/appstyle/expression/ext/normal/5d/tfyuan_thumb.gif,neutral
千,明星表情,http://img.t.sinajs.cn/t4/appstyle/expression/ext/normal/17/tfqian_thumb.gif,neutral
t,明星表情,http://img.t.sinajs.cn/t4/appstyle/expression/ext/normal/75/newt_thumb.gif,neutral
f,明星表情,http://img.t.sinajs.cn/t4/appstyle/expression/ext/normal/07/newf_thumb.gif,neutral
b,明星表情,http://img.t.sinajs.cn/t4/appstyle/expression/ext/normal/fa/weibob_thumb.gif,neutral
o,明星表情,http://img.t.sinajs.cn/t4/appstyle/expression/ext/normal/f5/weiboo_thumb.gif,neutral
y,明星表情,http://img.t.sinajs.cn/t4/appstyle/expression/ext/normal/3b/newy_thumb.gif,neutral
s,明星表情,http://img.t.sinajs.cn/t4/appstyle/expression/ext/normal/22/news_thumb.gif,neutral
din看看,癫当,http://img.t.sinajs.cn/t4/appstyle/expression/ext/normal/71/dinkankan_thumb.gif,neutral
din说话,癫当,http://img.t.sinajs.cn/t4/appstyle/expression/ext/normal/39/dinshuohua_thumb.gif,neutral
din癫当圣诞礼物,癫当,http://img.t.sinajs.cn/t4/appstyle/expression/ext/normal/14/dindongshengdanliwu_thumb.gif,positive
din阿赞招财猫,癫当,http://img.t.sinajs.cn/t4/appstyle/expression/ext/normal/f2/dinjenzhaocaimao_thumb.gif,positive
din阿赞福到,癫当,http://img.t.sinajs.cn/t4/appstyle/expression/ext/normal/7c/dinjenfudao_thumb.gif,positive
din癫当招财猫,癫当,http://img.t.sinajs.cn/t4/appstyle/expression/ext/normal/81/dindongzhaocaimao_thumb.gif,positive
din癫当xmas,癫当,http://img.t.sinajs.cn/t4/appstyle/expression/ext/normal/8b/dindongxmas_thumb.gif,neutral
din癫当圣诞树,癫当,http://img.t.sinajs.cn/t4/appstyle/expression/ext/normal/7e/dindongshengdanshu_thumb.gif,positive
din癫当阿赞圣诞奔,癫当,http://img.t.sinajs.cn/t4/appstyle/expression/ext/normal/d0/dindongjenshengdanben_thumb.gif,positive
din癫当阿赞炮竹,癫当,http://img.t.sinajs.cn/t4/appstyle/expression/ext/normal/87/dindongjenpaozhu_thumb.gif,positive
din癫当阿赞礼物盒,癫当,http://img.t.sinajs.cn/t4/appstyle/expression/ext/normal/43/dindongjenliwuhe_thumb.gif,positive
din癫当阿赞礼物,癫当,http://img.t.sinajs.cn/t4/appstyle/expression/ext/normal/c9/dindongjenliwu_thumb.gif,positive
din癫当阿赞变身,癫当,http://img.t.sinajs.cn/t4/appstyle/expression/ext/normal/7a/dindongjenbianshen_thumb.gif,positive
din癫当红包,癫当,http://img.t.sinajs.cn/t4/appstyle/expression/ext/normal/49/dindonghongbao_thumb.gif,positive
din癫当财神,癫当,http://img.t.sinajs.cn/t4/appstyle/expression/ext/normal/1f/dindongcaishen_thumb.gif,positive
din转转,癫当,http://img.t.sinajs.cn/t4/appstyle/expression/ext/normal/57/dinzhuanzhuan_thumb.gif,neutral
din撞墙,癫当,http://img.t.sinajs.cn/t4/appstyle/expression/ext/normal/82/dinzhuangqiang_thumb.gif,negative
din抓狂,癫当,http://img.t.sinajs.cn/t4/appstyle/expression/ext/normal/3f/dinzhuakuang_thumb.gif,negative
din赞好,癫当,http://img.t.sinajs.cn/t4/appstyle/expression/ext/normal/ae/dinzanhao_thumb.gif,positive
din信息,癫当,http://img.t.sinajs.cn/t4/appstyle/expression/ext/normal/1d/dinxinxi_thumb.gif,neutral
din兴奋,癫当,http://img.t.sinajs.cn/t4/appstyle/expression/ext/normal/1f/dinxingfen_thumb.gif,positive
din推撞,癫当,http://img.t.sinajs.cn/t4/appstyle/expression/ext/normal/dd/dintuizhuang_thumb.gif,neutral
din天哦,癫当,http://img.t.sinajs.cn/t4/appstyle/expression/ext/normal/d4/dintiano_thumb.gif,neutral
din弹弹,癫当,http://img.t.sinajs.cn/t4/appstyle/expression/ext/normal/cf/dintantan_thumb.gif,neutral
din睡觉,癫当,http://img.t.sinajs.cn/t4/appstyle/expression/ext/normal/f3/dinshuijiao_thumb.gif,neutral
din帅,癫当,http://img.t.sinajs.cn/t4/appstyle/expression/ext/normal/96/dinshuai_thumb.gif,positive
din闪避,癫当,http://img.t.sinajs.cn/t4/appstyle/expression/ext/normal/79/dinshanbi_thumb.gif,neutral
din亲亲,癫当,http://img.t.sinajs.cn/t4/appstyle/expression/ext/normal/4c/dinqinqin_thumb.gif,positive
din拍手,癫当,http://img.t.sinajs.cn/t4/appstyle/expression/ext/normal/ec/dinpaishou_thumb.gif,positive
din怒,癫当,http://img.t.sinajs.cn/t4/appstyle/expression/ext/normal/a2/dinnu_thumb.gif,negative
din摸头,癫当,http://img.t.sinajs.cn/t4/appstyle/expression/ext/normal/19/dinmotou_thumb.gif,neutral
din流血,癫当,http://img.t.sinajs.cn/t4/appstyle/expression/ext/normal/25/dinliuxue_thumb.gif,neutral
din厉害,癫当,http://img.t.sinajs.cn/t4/appstyle/expression/ext/normal/3f/dinlihai_thumb.gif,positive
din脸红,癫当,http://img.t.sinajs.cn/t4/appstyle/expression/ext/normal/c5/dinlianhong_thumb.gif,neutral
din泪,癫当,http://img.t.sinajs.cn/t4/appstyle/expression/ext/normal/64/dinlei_thumb.gif,negative
din贱香,癫当,http://img.t.sinajs.cn/t4/appstyle/expression/ext/normal/81/dinjianxiang_thumb.gif,neutral
din挥手,癫当,http://img.t.sinajs.cn/t4/appstyle/expression/ext/normal/7e/dinhuishou_thumb.gif,neutral
din化妆,癫当,http://img.t.sinajs.cn/t4/appstyle/expression/ext/normal/de/dinhuazhuang_thumb.gif,neutral
din喝,癫当,http://img.t.sinajs.cn/t4/appstyle/expression/ext/normal/ff/dinhe_thumb.gif,neutral
din汗,癫当,http://img.t.sinajs.cn/t4/appstyle/expression/ext/normal/d0/dinhan_thumb.gif,neutral
din害羞,癫当,http://img.t.sinajs.cn/t4/appstyle/expression/ext/normal/66/dinhaixiu_thumb.gif,neutral
din鬼脸,癫当,http://img.t.sinajs.cn/t4/appstyle/expression/ext/normal/e1/dinguilian_thumb.gif,positive
din挂了,癫当,http://img.t.sinajs.cn/t4/appstyle/expression/ext/normal/0b/dinguale_thumb.gif,negative
din分身1,癫当,http://img.t.sinajs.cn/t4/appstyle/expression/ext/normal/97/dinfenshenb_thumb.gif,neutral
din分身2,癫当,http://img.t.sinajs.cn/t4/appstyle/expression/ext/normal/c5/dinfenshena_thumb.gif,neutral
din癫当,癫当,http://img.t.sinajs.cn/t4/appstyle/expression/ext/normal/a9/dindiandang_thumb.gif,positive
din戴熊,癫当,http://img.t.sinajs.cn/t4/appstyle/expression/ext/normal/62/dindaixiong_thumb.gif,neutral
din吃,癫当,http://img.t.sinajs.cn/t4/appstyle/expression/ext/normal/92/dinchi_thumb.gif,neutral
din变身,癫当,http://img.t.sinajs.cn/t4/appstyle/expression/ext/normal/57/dinbianshen_thumb.gif,neutral
din变脸,癫当,http://img.t.sinajs.cn/t4/appstyle/expression/ext/normal/dc/dinbianlian_thumb.gif,neutral
din白旗,癫当,http://img.t.sinajs.cn/t4/appstyle/expression/ext/normal/8d/dinbaiqi_thumb.gif,neutral
din爱你,癫当,http://img.t.sinajs.cn/t4/appstyle/expression/ext/normal/83/dinaini_thumb.gif,positive
ali微博益起来,阿狸,http://img.t.sinajs.cn/t4/appstyle/expression/ext/normal/fc/aligongyi_thumb.gif,positive
ali皇冠,阿狸,http://img.t.sinajs.cn/t4/appstyle/expression/ext/normal/41/newalidese_thumb.gif,positive
ali做鬼脸,阿狸,http://img.t.sinajs.cn/t4/appstyle/expression/ext/normal/20/alizuoguiliannew_thumb.gif,positive
ali追,阿狸,http://img.t.sinajs.cn/t4/appstyle/expression/ext/normal/de/alizhuinew_thumb.gif,neutral
ali转圈哭,阿狸,http://img.t.sinajs.cn/t4/appstyle/expression/ext/normal/ef/alizhuanquankunew_thumb.gif,negative
ali转,阿狸,http://img.t.sinajs.cn/t4/appstyle/expression/ext/normal/2c/alizhuannew_thumb.gif,neutral
ali郁闷,阿狸,http://img.t.sinajs.cn/t4/appstyle/expression/ext/normal/4c/aliyumengnew_thumb.gif,negative
ali元宝,阿狸,http://img.t.sinajs.cn/t4/appstyle/expression/ext/normal/c5/aliyuanbaonew_thumb.gif,positive
ali摇晃,阿狸,http://img.t.sinajs.cn/t4/appstyle/expression/ext/normal/fc/aliyaohuangnew_thumb.gif,positive
ali嘘嘘嘘,阿狸,http://img.t.sinajs.cn/t4/appstyle/expression/ext/normal/22/alixuxunew_thumb.gif,neutral
ali羞,阿狸,http://img.t.sinajs.cn/t4/appstyle/expression/ext/normal/29/alixiunew_thumb.gif,neutral
ali笑死了,阿狸,http://img.t.sinajs.cn/t4/appstyle/expression/ext/normal/67/alixiaosilenew_thumb.gif,positive
ali笑,阿狸,http://img.t.sinajs.cn/t4/appstyle/expression/ext/normal/1d/alixiaonew_thumb.gif,positive
ali掀桌子,阿狸,http://img.t.sinajs.cn/t4/appstyle/expression/ext/normal/80/alixianzhuozinew_thumb.gif,negative
ali鲜花,阿狸,http://img.t.sinajs.cn/t4/appstyle/expression/ext/normal/74/alixianhuanew_thumb.gif,positive
ali想,阿狸,http://img.t.sinajs.cn/t4/appstyle/expression/ext/normal/2c/alixiangnew_thumb.gif,neutral
ali吓,阿狸,http://img.t.sinajs.cn/t4/appstyle/expression/ext/normal/71/alixianew_thumb.gif,negative
ali哇,阿狸,http://img.t.sinajs.cn/t4/appstyle/expression/ext/normal/de/aliwanew_thumb.gif,neutral
ali吐血,阿狸,http://img.t.sinajs.cn/t4/appstyle/expression/ext/normal/8b/alituxuenew_thumb.gif,negative
ali偷看,阿狸,http://img.t.sinajs.cn/t4/appstyle/expression/ext/normal/ab/alitoukannew_thumb.gif,neutral
ali送礼物,阿狸,http://img.t.sinajs.cn/t4/appstyle/expression/ext/normal/81/alisongliwunew_thumb.gif,positive
ali睡,阿狸,http://img.t.sinajs.cn/t4/appstyle/expression/ext/normal/e5/alishuinew_thumb.gif,neutral
ali甩手,阿狸,http://img.t.sinajs.cn/t4/appstyle/expression/ext/normal/b0/alishuaishounew_thumb.gif,positive
ali摔,阿狸,http://img.t.sinajs.cn/t4/appstyle/expression/ext/normal/c0/alishuainew_thumb.gif,negative
ali撒钱,阿狸,http://img.t.sinajs.cn/t4/appstyle/expression/ext/normal/cf/alisaqiannew_thumb.gif,positive
ali揪,阿狸,http://img.t.sinajs.cn/t4/appstyle/expression/ext/normal/6a/aliqiunew_thumb.gif,negative
ali亲一个,阿狸,http://img.t.sinajs.cn/t4/appstyle/expression/ext/normal/6b/aliqinyigenew_thumb.gif,positive
ali欠揍,阿狸,http://img.t.sinajs.cn/t4/appstyle/expression/ext/normal/8a/aliqianzounew_thumb.gif,negative
ali扑,阿狸,http://img.t.sinajs.cn/t4/appstyle/expression/ext/normal/5a/alipunew_thumb.gif,positive
ali扑倒,阿狸,http://img.t.sinajs.cn/t4/appstyle/expression/ext/normal/68/alipudaonew_thumb.gif,positive
ali飘,阿狸,http://img.t.sinajs.cn/t4/appstyle/expression/ext/normal/b9/alipiaonew_thumb.gif,positive
ali飘过,阿狸,http://img.t.sinajs.cn/t4/appstyle/expression/ext/normal/04/alipiaoguonew_thumb.gif,neutral
ali喷嚏,阿狸,http://img.t.sinajs.cn/t4/appstyle/expression/ext/normal/3b/alipengtinew_thumb.gif,neutral
ali拍拍手,阿狸,http://img.t.sinajs.cn/t4/appstyle/expression/ext/normal/ec/alipaipaishounew_thumb.gif,positive
ali你,阿狸,http://img.t.sinajs.cn/t4/appstyle/expression/ext/normal/8b/alininew_thumb.gif,negative
ali挠墙,阿狸,http://img.t.sinajs.cn/t4/appstyle/expression/ext/normal/f2/alinaoqiangnew_thumb.gif,negative
ali摸摸头,阿狸,http://img.t.sinajs.cn/t4/appstyle/expression/ext/normal/da/alimomotounew_thumb.gif,positive
ali溜,阿狸,http://img.t.sinajs.cn/t4/appstyle/expression/ext/normal/6b/aliliunew_thumb.gif,neutral
ali赖皮,阿狸,http://img.t.sinajs.cn/t4/appstyle/expression/ext/normal/ce/alilaipinew_thumb.gif,neutral
ali来吧,阿狸,http://img.t.sinajs.cn/t4/appstyle/expression/ext/normal/ae/alilaibanew_thumb.gif,positive
ali囧,阿狸,http://img.t.sinajs.cn/t4/appstyle/expression/ext/normal/fe/alijiongnew_thumb.gif,neutral
ali惊,阿狸,http://img.t.sinajs.cn/t4/appstyle/expression/ext/normal/0e/alijingnew_thumb.gif,neutral
ali加油,阿狸,http://img.t.sinajs.cn/t4/appstyle/expression/ext/normal/b1/alijiayounew_thumb.gif,positive
ali僵尸跳,阿狸,http://img.t.sinajs.cn/t4/appstyle/expression/ext/normal/a1/alijiangshitiaonew_thumb.gif,neutral
ali呼啦圈,阿狸,http://img.t.sinajs.cn/t4/appstyle/expression/ext/normal/3c/alihulaquannew_thumb.gif,neutral
ali画圈圈,阿狸,http://img.t.sinajs.cn/t4/appstyle/expression/ext/normal/93/alihuaquanquannew_thumb.gif,negative
ali欢呼,阿狸,http://img.t.sinajs.cn/t4/appstyle/expression/ext/normal/c6/alihuanhunew_thumb.gif,positive
ali坏笑,阿狸,http://img.t.sinajs.cn/t4/appstyle/expression/ext/normal/b2/alihuaixiaonew_thumb.gif,positive
ali跪求,阿狸,http://img.t.sinajs.cn/t4/appstyle/expression/ext/normal/61/aliguiqiunew_thumb.gif,negative
ali风筝,阿狸,http://img.t.sinajs.cn/t4/appstyle/expression/ext/normal/8c/alifengzhengnew_thumb.gif,neutral
ali飞,阿狸,http://img.t.sinajs.cn/t4/appstyle/expression/ext/normal/9d/alifeinew_thumb.gif,neutral
ali翻白眼,阿狸,http://img.t.sinajs.cn/t4/appstyle/expression/ext/normal/0f/alifanbaiyannew_thumb.gif,negative
ali顶起,阿狸,http://img.t.sinajs.cn/t4/appstyle/expression/ext/normal/5c/alidingqinew_thumb.gif,positive
ali点头,阿狸,http://img.t.sinajs.cn/t4/appstyle/expression/ext/normal/30/alidiantounew_thumb.gif,positive
ali得瑟,阿狸,http://img.t.sinajs.cn/t4/appstyle/expression/ext/normal/22/alidesenew_thumb.gif,positive
ali打篮球,阿狸,http://img.t.sinajs.cn/t4/appstyle/expression/ext/normal/dd/alidalanqiunew_thumb.gif,neutral
ali打滚,阿狸,http://img.t.sinajs.cn/t4/appstyle/expression/ext/normal/5b/alidagunnew_thumb.gif,neutral
ali大吃,阿狸,http://img.t.sinajs.cn/t4/appstyle/expression/ext/normal/c1/alidachinew_thumb.gif,neutral
ali踩,阿狸,http://img.t.sinajs.cn/t4/appstyle/expression/ext/normal/4e/alicainew_thumb.gif,neutral
ali不耐烦,阿狸,http://img.t.sinajs.cn/t4/appstyle/expression/ext/normal/45/alibunaifannew_thumb.gif,negative
ali不吗,阿狸,http://img.t.sinajs.cn/t4/appstyle/expression/ext/normal/78/alibumanew_thumb.gif,negative
alibiechaonew,阿狸,http://img.t.sinajs.cn/t4/appstyle/expression/ext/normal/ac/alibiechaonew_thumb.gif,positive
ali鞭炮,阿狸,http://img.t.sinajs.cn/t4/appstyle/expression/ext/normal/3a/alibianpaonew_thumb.gif,neutral
ali抱一抱,阿狸,http://img.t.sinajs.cn/t4/appstyle/expression/ext/normal/a9/alibaoyibaonew_thumb.gif,positive
ali拜年,阿狸,http://img.t.sinajs.cn/t4/appstyle/expression/ext/normal/fb/alibainiannew_thumb.gif,positive
ali88,阿狸,http://img.t.sinajs.cn/t4/appstyle/expression/ext/normal/19/ali88new_thumb.gif,neutral
ali狂笑,阿狸,http://img.t.sinajs.cn/t4/appstyle/expression/ext/normal/d5/zk_thumb.gif,positive
ali冤,阿狸,http://img.t.sinajs.cn/t4/appstyle/expression/ext/normal/5f/wq2_thumb.gif,negative
ali蜷,阿狸,http://img.t.sinajs.cn/t4/appstyle/expression/ext/normal/87/q2_thumb.gif,negative
ali美好,阿狸,http://img.t.sinajs.cn/t4/appstyle/expression/ext/normal/ae/mh_thumb.gif,positive
ali乐和,阿狸,http://img.t.sinajs.cn/t4/appstyle/expression/ext/normal/5f/m2_thumb.gif,positive
ali揪耳朵,阿狸,http://img.t.sinajs.cn/t4/appstyle/expression/ext/normal/15/j3_thumb.gif,neutral
ali晃,阿狸,http://img.t.sinajs.cn/t4/appstyle/expression/ext/normal/bf/h2_thumb.gif,neutral
aliigh,阿狸,http://img.t.sinajs.cn/t4/appstyle/expression/ext/normal/e7/f_thumb.gif,neutral
ali蹭,阿狸,http://img.t.sinajs.cn/t4/appstyle/expression/ext/normal/33/c_thumb.gif,neutral
ali抱枕,阿狸,http://img.t.sinajs.cn/t4/appstyle/expression/ext/normal/f4/bz3_thumb.gif,neutral
ali不公平,阿狸,http://img.t.sinajs.cn/t4/appstyle/expression/ext/normal/85/bgp_thumb.gif,negative
BOBO害羞,BOBO和TOTO,http://img.t.sinajs.cn/t4/appstyle/expression/ext/normal/6c/bohaixiu_thumb.gif,neutral
BOBO哈哈,BOBO和TOTO,http://img.t.sinajs.cn/t4/appstyle/expression/ext/normal/06/bohaha_thumb.gif,positive
BOBO吃面,BOBO和TOTO,http://img.t.sinajs.cn/t4/appstyle/expression/ext/normal/84/bochimian_thumb.gif,neutral
BOBO擦泪,BOBO和TOTO,http://img.t.sinajs.cn/t4/appstyle/expression/ext/normal/6e/bocalei_thumb.gif,negative
bobuyaoa,BOBO和TOTO,http://img.t.sinajs.cn/t4/appstyle/expression/ext/normal/64/bobuyaoa_thumb.gif,negative
BOBO变身,BOBO和TOTO,http://img.t.sinajs.cn/t4/appstyle/expression/ext/normal/e7/bobianshen_thumb.gif,neutral
BOBO崩溃,BOBO和TOTO,http://img.t.sinajs.cn/t4/appstyle/expression/ext/normal/0e/bobengkui_thumb.gif,negative
BOBO拜,BOBO和TOTO,http://img.t.sinajs.cn/t4/appstyle/expression/ext/normal/78/bobai_thumb.gif,neutral
BOBO爱你,BOBO和TOTO,http://img.t.sinajs.cn/t4/appstyle/expression/ext/normal/74/boaini_thumb.gif,positive
TOTO打我啊,BOBO和TOTO,http://img.t.sinajs.cn/t4/appstyle/expression/ext/normal/56/todawoa_thumb.gif,neutral
toto拜年,BOBO和TOTO,http://img.t.sinajs.cn/t4/appstyle/expression/ext/normal/0b/longniantoto_thumb.gif,positive
bobo拜年,BOBO和TOTO,http://img.t.sinajs.cn/t4/appstyle/expression/ext/normal/64/bobolongnian_thumb.gif,positive
toto无聊,BOBO和TOTO,http://img.t.sinajs.cn/t4/appstyle/expression/ext/normal/4a/totowuliao_thumb.gif,negative
toto我最摇滚,BOBO和TOTO,http://img.t.sinajs.cn/t4/appstyle/expression/ext/normal/53/totowozuiyaogun_thumb.gif,neutral
toto数落,BOBO和TOTO,http://img.t.sinajs.cn/t4/appstyle/expression/ext/normal/04/totoshuluo_thumb.gif,negative
toto睡觉,BOBO和TOTO,http://img.t.sinajs.cn/t4/appstyle/expression/ext/normal/cb/totoshuijiao_thumb.gif,neutral
toto甩头发,BOBO和TOTO,http://img.t.sinajs.cn/t4/appstyle/expression/ext/normal/34/totoshuaitoufa_thumb.gif,neutral
toto飘过,BOBO和TOTO,http://img.t.sinajs.cn/t4/appstyle/expression/ext/normal/74/totopiaoguo_thumb.gif,neutral
toto狂汗,BOBO和TOTO,http://img.t.sinajs.cn/t4/appstyle/expression/ext/normal/c9/totokuanghan_thumb.gif,negative
toto好累,BOBO和TOTO,http://img.t.sinajs.cn/t4/appstyle/expression/ext/normal/30/totohaolei_thumb.gif,negative
bobo抓狂,BOBO和TOTO,http://img.t.sinajs.cn/t4/appstyle/expression/ext/normal/8d/bobozhuakuang_thumb.gif,negative
bobo疑问,BOBO和TOTO,http://img.t.sinajs.cn/t4/appstyle/expression/ext/normal/a3/boboyiwen_thumb.gif,negative
bobo抛媚眼,BOBO和TOTO,http://img.t.sinajs.cn/t4/appstyle/expression/ext/normal/74/bobopaomeiyan_thumb.gif,positive
bobo膜拜,BOBO和TOTO,http://img.t.sinajs.cn/t4/appstyle/expression/ext/normal/af/bobomobai_thumb.gif,neutral
bobo纠结,BOBO和TOTO,http://img.t.sinajs.cn/t4/appstyle/expression/ext/normal/f0/bobojiujie_thumb.gif,negative
bobo不要啊,BOBO和TOTO,http://img.t.sinajs.cn/t4/appstyle/expression/ext/normal/d0/bobobuyaoa_thumb.gif,negative
bobo不理你,BOBO和TOTO,http://img.t.sinajs.cn/t4/appstyle/expression/ext/normal/98/bobobulini_thumb.gif,negative
有爱,BOBO和TOTO,http://img.t.sinajs.cn/t4/appstyle/expression/ext/normal/b9/totoyouai_thumb.gif,positive
TOTOYES,BOBO和TOTO,http://img.t.sinajs.cn/t4/appstyle/expression/ext/normal/b2/totoyes_thumb.gif,neutral
我爱听,BOBO和TOTO,http://img.t.sinajs.cn/t4/appstyle/expression/ext/normal/02/tototingge_thumb.gif,positive
怒火,BOBO和TOTO,http://img.t.sinajs.cn/t4/appstyle/expression/ext/normal/af/totonu_thumb.gif,negative
擂鼓,BOBO和TOTO,http://img.t.sinajs.cn/t4/appstyle/expression/ext/normal/bd/totoleigu_thumb.gif,neutral
讥笑,BOBO和TOTO,http://img.t.sinajs.cn/t4/appstyle/expression/ext/normal/d8/totojixiao_thumb.gif,negative
抛钱,BOBO和TOTO,http://img.t.sinajs.cn/t4/appstyle/expression/ext/normal/37/totoheixianpaoqian_thumb.gif,neutral
变花,BOBO和TOTO,http://img.t.sinajs.cn/t4/appstyle/expression/ext/normal/72/boboxianhua_thumb.gif,neutral
飙泪,BOBO和TOTO,http://img.t.sinajs.cn/t4/appstyle/expression/ext/normal/7f/boboweiqu_thumb.gif,negative
藏猫猫,BOBO和TOTO,http://img.t.sinajs.cn/t4/appstyle/expression/ext/normal/18/bobotoukan_thumb.gif,neutral
淘气,BOBO和TOTO,http://img.t.sinajs.cn/t4/appstyle/expression/ext/normal/9e/bobotiaopi_thumb.gif,neutral
生闷气,BOBO和TOTO,http://img.t.sinajs.cn/t4/appstyle/expression/ext/normal/47/boboshengmenqi_thumb.gif,negative
忍,BOBO和TOTO,http://img.t.sinajs.cn/t4/appstyle/expression/ext/normal/a7/boboren_thumb.gif,negative
泡泡糖,BOBO和TOTO,http://img.t.sinajs.cn/t4/appstyle/expression/ext/normal/a5/bobopaopaotang_thumb.gif,neutral
BOBO赞,BOBO和TOTO,http://img.t.sinajs.cn/t4/appstyle/expression/ext/normal/e0/bobook_thumb.gif,positive
Hi,BOBO和TOTO,http://img.t.sinajs.cn/t4/appstyle/expression/ext/normal/44/bobohi_thumb.gif,positive
BOBO么么哒,BOBO和TOTO,http://img.t.sinajs.cn/t4/appstyle/expression/ext/normal/79/bobofeiwen_thumb.gif,positive
我爱西瓜,BOBO和TOTO,http://img.t.sinajs.cn/t4/appstyle/expression/ext/normal/29/bobochixigua_thumb.gif,positive
吓一跳,BOBO和TOTO,http://img.t.sinajs.cn/t4/appstyle/expression/ext/normal/ce/bobochijing_thumb.gif,negative
吃饭,BOBO和TOTO,http://img.t.sinajs.cn/t4/appstyle/expression/ext/normal/87/bobochifan_thumb.gif,neutral
织,搞怪,http://img.t.sinajs.cn/t4/appstyle/expression/ext/normal/41/zz2_thumb.gif,neutral
兔子,搞怪,http://img.t.sinajs.cn/t4/appstyle/expression/ext/normal/81/rabbit_thumb.gif,positive
神马,搞怪,http://img.t.sinajs.cn/t4/appstyle/expression/ext/normal/60/horse2_thumb.gif,neutral
浮云,搞怪,http://img.t.sinajs.cn/t4/appstyle/expression/ext/normal/bc/fuyun_thumb.gif,neutral
给力,搞怪,http://img.t.sinajs.cn/t4/appstyle/expression/ext/normal/1e/geiliv2_thumb.gif,positive
萌,搞怪,http://img.t.sinajs.cn/t4/appstyle/expression/ext/normal/42/kawayi_thumb.gif,positive
熊猫,搞怪,http://img.t.sinajs.cn/t4/appstyle/expression/ext/normal/6e/panda_thumb.gif,neutral
互粉,搞怪,http://img.t.sinajs.cn/t4/appstyle/expression/ext/normal/89/hufen_thumb.gif,neutral
围观,搞怪,http://img.t.sinajs.cn/t4/appstyle/expression/ext/normal/f2/wg_thumb.gif,neutral
扔鸡蛋,搞怪,http://img.t.sinajs.cn/t4/appstyle/expression/ext/normal/91/rjd_thumb.gif,neutral
奥特曼,搞怪,http://img.t.sinajs.cn/t4/appstyle/expression/ext/normal/bc/otm_thumb.gif,neutral
威武,搞怪,http://img.t.sinajs.cn/t4/appstyle/expression/ext/normal/70/vw_thumb.gif,positive
伤心,搞怪,http://img.t.sinajs.cn/t4/appstyle/expression/ext/normal/ea/unheart.gif,negative
热吻,搞怪,http://img.t.sinajs.cn/t4/appstyle/expression/ext/normal/60/rw_thumb.gif,positive
囧,搞怪,http://img.t.sinajs.cn/t4/appstyle/expression/ext/normal/15/j_thumb.gif,neutral
orz,搞怪,http://img.t.sinajs.cn/t4/appstyle/expression/ext/normal/c0/orz1_thumb.gif,neutral
宅,搞怪,http://img.t.sinajs.cn/t4/appstyle/expression/ext/normal/d7/z_thumb.gif,neutral
帅,搞怪,http://img.t.sinajs.cn/t4/appstyle/expression/ext/normal/36/s2_thumb.gif,positive
猪头,搞怪,http://img.t.sinajs.cn/t4/appstyle/expression/ext/normal/58/pig.gif,neutral
实习,搞怪,http://img.t.sinajs.cn/t4/appstyle/expression/ext/normal/48/sx_thumb.gif,neutral
骷髅,搞怪,http://img.t.sinajs.cn/t4/appstyle/expression/ext/normal/bd/kl2_thumb.gif,neutral
便便,搞怪,http://img.t.sinajs.cn/t4/appstyle/expression/ext/normal/34/s_thumb.gif,negative
黄牌,搞怪,http://img.t.sinajs.cn/t4/appstyle/expression/ext/normal/a0/yellowcard.gif,negative
红牌,搞怪,http://img.t.sinajs.cn/t4/appstyle/expression/ext/normal/64/redcard.gif,negative
跳舞花,搞怪,http://img.t.sinajs.cn/t4/appstyle/expression/ext/normal/70/twh_thumb.gif,positive
礼花,搞怪,http://img.t.sinajs.cn/t4/appstyle/expression/ext/normal/3d/bingo_thumb.gif,positive
打针,搞怪,http://img.t.sinajs.cn/t4/appstyle/expression/ext/normal/b0/zt_thumb.gif,neutral
闪,搞怪,http://img.t.sinajs.cn/t4/appstyle/expression/ext/normal/ce/03_thumb.gif,neutral
啦啦,搞怪,http://img.t.sinajs.cn/t4/appstyle/expression/ext/normal/c1/04_thumb.gif,positive
吼吼,搞怪,http://img.t.sinajs.cn/t4/appstyle/expression/ext/normal/34/05_thumb.gif,positive
庆祝,搞怪,http://img.t.sinajs.cn/t4/appstyle/expression/ext/normal/67/06_thumb.gif,positive
嘿,搞怪,http://img.t.sinajs.cn/t4/appstyle/expression/ext/normal/d3/01_thumb.gif,positive
00,搞怪,http://img.t.sinajs.cn/t4/appstyle/expression/ext/normal/3a/zero_thumb.gif,neutral
n,搞怪,http://img.t.sinajs.cn/t4/appstyle/expression/ext/normal/e7/newn_thumb.gif,neutral
p,搞怪,http://img.t.sinajs.cn/t4/appstyle/expression/ext/normal/e7/newp_thumb.gif,neutral
q,搞怪,http://img.t.sinajs.cn/t4/appstyle/expression/ext/normal/de/newq_thumb.gif,neutral
r,搞怪,http://img.t.sinajs.cn/t4/appstyle/expression/ext/normal/0c/newr_thumb.gif,neutral
团,搞怪,http://img.t.sinajs.cn/t4/appstyle/expression/ext/normal/11/tuan_thumb.gif,neutral
圆,搞怪,http://img.t.sinajs.cn/t4/appstyle/expression/ext/normal/53/yuan_thumb.gif,neutral
男孩儿,搞怪,http://img.t.sinajs.cn/t4/appstyle/expression/ext/normal/4e/kissboy_thumb.gif,neutral
女孩儿,搞怪,http://img.t.sinajs.cn/t4/appstyle/expression/ext/normal/1b/kissgirl_thumb.gif,neutral
炸鸡啤酒,搞怪,http://img.t.sinajs.cn/t4/appstyle/expression/ext/normal/e2/zhajibeer_thumb.gif,neutral
doge,搞怪,http://img.t.sinajs.cn/t4/appstyle/expression/ext/normal/b6/doge_thumb.gif,neutral
喵喵,搞怪,http://img.t.sinajs.cn/t4/appstyle/expression/ext/normal/4a/mm_thumb.gif,neutral
做鬼脸,搞怪,http://img.t.sinajs.cn/t4/appstyle/expression/ext/normal/14/guilian_thumb.gif,neutral
22,搞怪,http://img.t.sinajs.cn/t4/appstyle/expression/ext/normal/43/twot_thumb.gif,neutral
2,搞怪,http://img.t.sinajs.cn/t4/appstyle/expression/ext/normal/61/two_thumb.gif,neutral
3,搞怪,http://img.t.sinajs.cn/t4/appstyle/expression/ext/normal/78/three_thumb.gif,neutral
6,搞怪,http://img.t.sinajs.cn/t4/appstyle/expression/ext/normal/bf/six_thumb.gif,neutral
7,搞怪,http://img.t.sinajs.cn/t4/appstyle/expression/ext/normal/32/seven_thumb.gif,neutral
1,搞怪,http://img.t.sinajs.cn/t4/appstyle/expression/ext/normal/82/one_thumb.gif,neutral
9,搞怪,http://img.t.sinajs.cn/t4/appstyle/expression/ext/normal/54/nine_thumb.gif,neutral
4,搞怪,http://img.t.sinajs.cn/t4/appstyle/expression/ext/normal/72/four_thumb.gif,neutral
5,搞怪,http://img.t.sinajs.cn/t4/appstyle/expression/ext/normal/f5/five_thumb.gif,neutral
8,搞怪,http://img.t.sinajs.cn/t4/appstyle/expression/ext/normal/5c/eight_thumb.gif,neutral
z,搞怪,http://img.t.sinajs.cn/t4/appstyle/expression/ext/normal/b2/newz_thumb.gif,neutral
y,搞怪,http://img.t.sinajs.cn/t4/appstyle/expression/ext/normal/3b/newy_thumb.gif,neutral
x,搞怪,http://img.t.sinajs.cn/t4/appstyle/expression/ext/normal/d7/newx_thumb.gif,neutral
v,搞怪,http://img.t.sinajs.cn/t4/appstyle/expression/ext/normal/e3/newv_thumb.gif,neutral
u,搞怪,http://img.t.sinajs.cn/t4/appstyle/expression/ext/normal/b8/newu_thumb.gif,neutral
t,搞怪,http://img.t.sinajs.cn/t4/appstyle/expression/ext/normal/75/newt_thumb.gif,neutral
s,搞怪,http://img.t.sinajs.cn/t4/appstyle/expression/ext/normal/22/news_thumb.gif,neutral
l,搞怪,http://img.t.sinajs.cn/t4/appstyle/expression/ext/normal/f5/newl_thumb.gif,neutral
k,搞怪,http://img.t.sinajs.cn/t4/appstyle/expression/ext/normal/a0/newk_thumb.gif,neutral
j,搞怪,http://img.t.sinajs.cn/t4/appstyle/expression/ext/normal/af/newj_thumb.gif,neutral
h,搞怪,http://img.t.sinajs.cn/t4/appstyle/expression/ext/normal/8b/newh_thumb.gif,neutral
g,搞怪,http://img.t.sinajs.cn/t4/appstyle/expression/ext/normal/16/newg_thumb.gif,neutral
f,搞怪,http://img.t.sinajs.cn/t4/appstyle/expression/ext/normal/07/newf_thumb.gif,neutral
d,搞怪,http://img.t.sinajs.cn/t4/appstyle/expression/ext/normal/d8/newd_thumb.gif,neutral
a,搞怪,http://img.t.sinajs.cn/t4/appstyle/expression/ext/normal/32/newa_thumb.gif,neutral
w,搞怪,http://img.t.sinajs.cn/t4/appstyle/expression/ext/normal/94/weibow_thumb.gif,neutral
点,搞怪,http://img.t.sinajs.cn/t4/appstyle/expression/ext/normal/fd/weibop_thumb.gif,neutral
o,搞怪,http://img.t.sinajs.cn/t4/appstyle/expression/ext/normal/f5/weiboo_thumb.gif,neutral
m,搞怪,http://img.t.sinajs.cn/t4/appstyle/expression/ext/normal/98/weibom_thumb.gif,neutral
i,搞怪,http://img.t.sinajs.cn/t4/appstyle/expression/ext/normal/e6/weiboi_thumb.gif,neutral
e,搞怪,http://img.t.sinajs.cn/t4/appstyle/expression/ext/normal/dd/weiboe_thumb.gif,neutral
c,搞怪,http://img.t.sinajs.cn/t4/appstyle/expression/ext/normal/59/weiboc_thumb.gif,neutral
b,搞怪,http://img.t.sinajs.cn/t4/appstyle/expression/ext/normal/fa/weibob_thumb.gif,neutral
鸭梨,搞怪,http://img.t.sinajs.cn/t4/appstyle/expression/ext/normal/bb/pear_thumb.gif,neutral
省略号,搞怪,http://img.t.sinajs.cn/t4/appstyle/expression/ext/normal/0d/shengluehao_thumb.gif,neutral
kiss,搞怪,http://img.t.sinajs.cn/t4/appstyle/expression/ext/normal/59/kiss2_thumb.gif,positive
雪人,搞怪,http://img.t.sinajs.cn/t4/appstyle/expression/ext/normal/d9/xx2_thumb.gif,neutral
小丑,搞怪,http://img.t.sinajs.cn/t4/appstyle/expression/ext/normal/6b/xc_thumb.gif,neutral
问号,搞怪,http://img.t.sinajs.cn/t4/appstyle/expression/ext/normal/9d/wh_thumb.gif,neutral
叹号,搞怪,http://img.t.sinajs.cn/t4/appstyle/expression/ext/normal/3b/th_thumb.gif,neutral
句号,搞怪,http://img.t.sinajs.cn/t4/appstyle/expression/ext/normal/9b/jh_thumb.gif,neutral
c帅,小纯洁,http://img.t.sinajs.cn/t4/appstyle/expression/ext/normal/78/cshuai_thumb.gif,positive
c窃喜,小纯洁,http://img.t.sinajs.cn/t4/appstyle/expression/ext/normal/9b/cqiexi_thumb.gif,positive
c迷糊,小纯洁,http://img.t.sinajs.cn/t4/appstyle/expression/ext/normal/78/cmihu_thumb.gif,neutral
c面瘫,小纯洁,http://img.t.sinajs.cn/t4/appstyle/expression/ext/normal/f2/cmiantan_thumb.gif,neutral
c囧,小纯洁,http://img.t.sinajs.cn/t4/appstyle/expression/ext/normal/15/cjiong_thumb.gif,neutral
c汗,小纯洁,http://img.t.sinajs.cn/t4/appstyle/expression/ext/normal/4c/chan_thumb.gif,negative
c高明,小纯洁,http://img.t.sinajs.cn/t4/appstyle/expression/ext/normal/3d/cgaoming_thumb.gif,positive
c大笑,小纯洁,http://img.t.sinajs.cn/t4/appstyle/expression/ext/normal/6d/cdaxiao_thumb.gif,positive
c变脸,小纯洁,http://img.t.sinajs.cn/t4/appstyle/expression/ext/normal/6e/cbianlian_thumb.gif,neutral
c左右看,小纯洁,http://img.t.sinajs.cn/t4/appstyle/expression/ext/normal/ee/xcjzuoyoukan_thumb.gif,neutral
c坏笑,小纯洁,http://img.t.sinajs.cn/t4/appstyle/expression/ext/normal/10/xcjhuaixiao_thumb.gif,positive
c看热闹,小纯洁,http://img.t.sinajs.cn/t4/appstyle/expression/ext/normal/e0/xcjkanrenao_thumb.gif,positive
c开心,小纯洁,http://img.t.sinajs.cn/t4/appstyle/expression/ext/normal/40/xcjkaixin_thumb.gif,positive
c关注,小纯洁,http://img.t.sinajs.cn/t4/appstyle/expression/ext/normal/79/xcjguanzhu_thumb.gif,neutral
c娇羞,小纯洁,http://img.t.sinajs.cn/t4/appstyle/expression/ext/normal/88/xcjjiaoxiu_thumb.gif,neutral
c无语,小纯洁,http://img.t.sinajs.cn/t4/appstyle/expression/ext/normal/8e/xcjwuyu_thumb.gif,negative
c疑惑,小纯洁,http://img.t.sinajs.cn/t4/appstyle/expression/ext/normal/cf/xcjyihuo_thumb.gif,neutral
c正经,小纯洁,http://img.t.sinajs.cn/t4/appstyle/expression/ext/normal/79/xcjzhengjing_thumb.gif,neutral
c无聊,小纯洁,http://img.t.sinajs.cn/t4/appstyle/expression/ext/normal/95/xcjwuliao_thumb.gif,neutral
c挖鼻孔,小纯洁,http://img.t.sinajs.cn/t4/appstyle/expression/ext/normal/b9/xcjwabikong_thumb.gif,neutral
c期待,小纯洁,http://img.t.sinajs.cn/t4/appstyle/expression/ext/normal/ce/xcjqidai_thumb.gif,positive
c摇头看,小纯洁,http://img.t.sinajs.cn/t4/appstyle/expression/ext/normal/09/xcjyaotoukan_thumb.gif,positive
c亲亲,小纯洁,http://img.t.sinajs.cn/t4/appstyle/expression/ext/normal/a4/xcjqinqin_thumb.gif,positive
c羞涩,小纯洁,http://img.t.sinajs.cn/t4/appstyle/expression/ext/normal/94/xcjxiushe_thumb.gif,neutral
c悲催,小纯洁,http://img.t.sinajs.cn/t4/appstyle/expression/ext/normal/bb/xcjbeicui_thumb.gif,negative
c得瑟,小纯洁,http://img.t.sinajs.cn/t4/appstyle/expression/ext/normal/83/xcjdese_thumb.gif,positive
c冷眼,小纯洁,http://img.t.sinajs.cn/t4/appstyle/expression/ext/normal/45/xcjlengyan_thumb.gif,negative
c惊讶,小纯洁,http://img.t.sinajs.cn/t4/appstyle/expression/ext/normal/81/xcjjingya_thumb.gif,neutral
c委屈,小纯洁,http://img.t.sinajs.cn/t4/appstyle/expression/ext/normal/48/xcjweiqu_thumb.gif,negative
c甩舌头,小纯洁,http://img.t.sinajs.cn/t4/appstyle/expression/ext/normal/a4/xcjshuaishetou_thumb.gif,neutral
c摇头萌,小纯洁,http://img.t.sinajs.cn/t4/appstyle/expression/ext/normal/4e/xcjyaotoumeng_thumb.gif,positive
c抓狂,小纯洁,http://img.t.sinajs.cn/t4/appstyle/expression/ext/normal/d2/xcjzhuakuang_thumb.gif,negative
c发火,小纯洁,http://img.t.sinajs.cn/t4/appstyle/expression/ext/normal/20/xcjfahuo_thumb.gif,negative
c卖萌,小纯洁,http://img.t.sinajs.cn/t4/appstyle/expression/ext/normal/ca/xcjmaimeng_thumb.gif,positive
c伤心,小纯洁,http://img.t.sinajs.cn/t4/appstyle/expression/ext/normal/cf/xcjshangxin_thumb.gif,negative
c捂脸,小纯洁,http://img.t.sinajs.cn/t4/appstyle/expression/ext/normal/96/xcjwulian_thumb.gif,neutral
c震惊哭,小纯洁,http://img.t.sinajs.cn/t4/appstyle/expression/ext/normal/c7/xcjzhenjingku_thumb.gif,neutral
c摇摆,小纯洁,http://img.t.sinajs.cn/t4/appstyle/expression/ext/normal/75/xcjyaobai_thumb.gif,neutral
c得意笑,小纯洁,http://img.t.sinajs.cn/t4/appstyle/expression/ext/normal/b0/xcjdeyixiao_thumb.gif,positive
c烦躁,小纯洁,http://img.t.sinajs.cn/t4/appstyle/expression/ext/normal/c5/xcjfanzao_thumb.gif,negative
c得意,小纯洁,http://img.t.sinajs.cn/t4/appstyle/expression/ext/normal/9c/xcjdeyi_thumb.gif,positive
c脸红,小纯洁,http://img.t.sinajs.cn/t4/appstyle/expression/ext/normal/23/xcjlianhong_thumb.gif,neutral
lxhx喵,罗小黑,http://img.t.sinajs.cn/t4/appstyle/expression/ext/normal/9b/lxhxmiao_thumb.gif,neutral
lxhx喵喵,罗小黑,http://img.t.sinajs.cn/t4/appstyle/expression/ext/normal/5e/lxhxmiao2_thumb.gif,neutral
lxhx奔跑,罗小黑,http://img.t.sinajs.cn/t4/appstyle/expression/ext/normal/c5/lxhxbenpao_thumb.gif,neutral
lxhx走,罗小黑,http://img.t.sinajs.cn/t4/appstyle/expression/ext/normal/51/lxhxzou_thumb.gif,neutral
lxhx蠕过,罗小黑,http://img.t.sinajs.cn/t4/appstyle/expression/ext/normal/93/lxhxruguo_thumb.gif,neutral
lxhx蹭,罗小黑,http://img.t.sinajs.cn/t4/appstyle/expression/ext/normal/27/lxhxceng_thumb.gif,neutral
lxhx狂欢,罗小黑,http://img.t.sinajs.cn/t4/appstyle/expression/ext/normal/d5/lxhxkuanghuan_thumb.gif,positive
lxhx奋斗,罗小黑,http://img.t.sinajs.cn/t4/appstyle/expression/ext/normal/6c/lxhxfendou_thumb.gif,positive
lxhx笑,罗小黑,http://img.t.sinajs.cn/t4/appstyle/expression/ext/normal/3b/lxhxxiao_thumb.gif,positive
lxhx懒腰,罗小黑,http://img.t.sinajs.cn/t4/appstyle/expression/ext/normal/d4/lxhxlanyao_thumb.gif,neutral
lxhx得意,罗小黑,http://img.t.sinajs.cn/t4/appstyle/expression/ext/normal/b0/lxhxdeyi_thumb.gif,negative
lxhx右边,罗小黑,http://img.t.sinajs.cn/t4/appstyle/expression/ext/normal/a4/lxhxyou_thumb.gif,neutral
lxhx转头,罗小黑,http://img.t.sinajs.cn/t4/appstyle/expression/ext/normal/71/lxhxzhuantou_thumb.gif,neutral
lxhx跳跃,罗小黑,http://img.t.sinajs.cn/t4/appstyle/expression/ext/normal/ee/lxhxtiaoyue_thumb.gif,neutral
lxhx转体,罗小黑,http://img.t.sinajs.cn/t4/appstyle/expression/ext/normal/11/lxhxzhuanti_thumb.gif,neutral
lxhx撒欢,罗小黑,http://img.t.sinajs.cn/t4/appstyle/expression/ext/normal/b8/lxhxsahuan_thumb.gif,positive
lxhx挠,罗小黑,http://img.t.sinajs.cn/t4/appstyle/expression/ext/normal/89/lxhxnao_thumb.gif,neutral
lxhx挠皇,罗小黑,http://img.t.sinajs.cn/t4/appstyle/expression/ext/normal/b8/lxhxnaohuang_thumb.gif,neutral
lxhx逗转圈,罗小黑,http://img.t.sinajs.cn/t4/appstyle/expression/ext/normal/52/lxhxdouzhuanquan_thumb.gif,neutral
lxhx划,罗小黑,http://img.t.sinajs.cn/t4/appstyle/expression/ext/normal/28/lxhxhua_thumb.gif,neutral
lxhx得瑟,罗小黑,http://img.t.sinajs.cn/t4/appstyle/expression/ext/normal/80/lxhxdese_thumb.gif,positive
lxhx喷嚏,罗小黑,http://img.t.sinajs.cn/t4/appstyle/expression/ext/normal/5c/lxhxpenti2_thumb.gif,neutral
lxhx打喷嚏,罗小黑,http://img.t.sinajs.cn/t4/appstyle/expression/ext/normal/15/lxhxpenti_thumb.gif,neutral
lxhx哭,罗小黑,http://img.t.sinajs.cn/t4/appstyle/expression/ext/normal/6a/lxhxku_thumb.gif,negative
lxhx扫灰,罗小黑,http://img.t.sinajs.cn/t4/appstyle/expression/ext/normal/37/lxhxsaohui_thumb.gif,neutral
lxhx听歌,罗小黑,http://img.t.sinajs.cn/t4/appstyle/expression/ext/normal/3d/lxhxtingge_thumb.gif,neutral
lxhx狂吃,罗小黑,http://img.t.sinajs.cn/t4/appstyle/expression/ext/normal/05/lxhxkuangchi_thumb.gif,neutral
lxhx画圈,罗小黑,http://img.t.sinajs.cn/t4/appstyle/expression/ext/normal/f0/lxhxhuaquan_thumb.gif,neutral
lxhx掀桌,罗小黑,http://img.t.sinajs.cn/t4/appstyle/expression/ext/normal/18/lxhxxianzhuo_thumb.gif,negative
lxhx刷牙,罗小黑,http://img.t.sinajs.cn/t4/appstyle/expression/ext/normal/ce/lxhxshuaya_thumb.gif,neutral
lxhx抱枕,罗小黑,http://img.t.sinajs.cn/t4/appstyle/expression/ext/normal/31/lxhxbaozhen_thumb.gif,neutral
lxhx都不给,罗小黑,http://img.t.sinajs.cn/t4/appstyle/expression/ext/normal/03/lxhxdoubugei_thumb.gif,neutral
lxhx逗左右,罗小黑,http://img.t.sinajs.cn/t4/appstyle/expression/ext/normal/99/lxhxdouzuoyou_thumb.gif,neutral
lxhx变化,罗小黑,http://img.t.sinajs.cn/t4/appstyle/expression/ext/normal/14/lxhxbianhua_thumb.gif,neutral
lxhx打地鼠,罗小黑,http://img.t.sinajs.cn/t4/appstyle/expression/ext/normal/aa/lxhxdadishu_thumb.gif,neutral
lxhx西瓜,罗小黑,http://img.t.sinajs.cn/t4/appstyle/expression/ext/normal/45/lxhxxigua_thumb.gif,neutral
lxhx咻,罗小黑,http://img.t.sinajs.cn/t4/appstyle/expression/ext/normal/01/lxhxxiu1_thumb.gif,neutral
lxhx咻2,罗小黑,http://img.t.sinajs.cn/t4/appstyle/expression/ext/normal/a5/lxhxxiu2_thumb.gif,neutral
lxhx咻3,罗小黑,http://img.t.sinajs.cn/t4/appstyle/expression/ext/normal/02/lxhxxiu3_thumb.gif,neutral
lxhx咻4,罗小黑,http://img.t.sinajs.cn/t4/appstyle/expression/ext/normal/75/lxhxxiu4_thumb.gif,neutral
lxhx咻5,罗小黑,http://img.t.sinajs.cn/t4/appstyle/expression/ext/normal/14/lxhxxiu5_thumb.gif,neutral
lxhx咻6,罗小黑,http://img.t.sinajs.cn/t4/appstyle/expression/ext/normal/e3/lxhxxiu6_thumb.gif,neutral
lxhx咻7,罗小黑,http://img.t.sinajs.cn/t4/appstyle/expression/ext/normal/ec/lxhxxiu7_thumb.gif,neutral
lxhx咻8,罗小黑,http://img.t.sinajs.cn/t4/appstyle/expression/ext/normal/2b/lxhxxiu8_thumb.gif,neutral
lxhx滚过,罗小黑,http://img.t.sinajs.cn/t4/appstyle/expression/ext/normal/43/lxhxgunguo_thumb.gif,neutral
lxhx躺中枪,罗小黑,http://img.t.sinajs.cn/t4/appstyle/expression/ext/normal/f9/lxhxtangzhongqiang_thumb.gif,negative
lxhx讨厌,罗小黑,http://img.t.sinajs.cn/t4/appstyle/expression/ext/normal/98/lxhxtaoyan_thumb.gif,negative
lxhx逗上下,罗小黑,http://img.t.sinajs.cn/t4/appstyle/expression/ext/normal/51/lxhxdoushangxia_thumb.gif,neutral
lxhx吐血,罗小黑,http://img.t.sinajs.cn/t4/appstyle/expression/ext/normal/03/lxhxtuxue_thumb.gif,negative
lxhx病了,罗小黑,http://img.t.sinajs.cn/t4/appstyle/expression/ext/normal/9f/lxhxbingle_thumb.gif,negative
lxhx泪目,罗小黑,http://img.t.sinajs.cn/t4/appstyle/expression/ext/normal/ee/lxhxleimu_thumb.gif,negative
lxhx无语,罗小黑,http://img.t.sinajs.cn/t4/appstyle/expression/ext/normal/2e/lxhxwuyu_thumb.gif,neutral
lxhx问号,罗小黑,http://img.t.sinajs.cn/t4/appstyle/expression/ext/normal/fa/lxhxwenhao_thumb.gif,neutral
lxhx侧目,罗小黑,http://img.t.sinajs.cn/t4/appstyle/expression/ext/normal/8c/lxhxcemu_thumb.gif,neutral
lxhx惊,罗小黑,http://img.t.sinajs.cn/t4/appstyle/expression/ext/normal/6a/lxhxjing_thumb.gif,neutral
lxhx吐,罗小黑,http://img.t.sinajs.cn/t4/appstyle/expression/ext/normal/92/lxhxtu_thumb.gif,neutral
lxhx失落,罗小黑,http://img.t.sinajs.cn/t4/appstyle/expression/ext/normal/52/lxhxshiluo_thumb.gif,negative
lxhx汗,罗小黑,http://img.t.sinajs.cn/t4/appstyle/expression/ext/normal/4f/lxhxhan_thumb.gif,negative
lxhx暴汗,罗小黑,http://img.t.sinajs.cn/t4/appstyle/expression/ext/normal/03/lxhxhan1_thumb.gif,negative
lxhx狠,罗小黑,http://img.t.sinajs.cn/t4/appstyle/expression/ext/normal/8c/lxhxhen_thumb.gif,negative
lxhx怨念,罗小黑,http://img.t.sinajs.cn/t4/appstyle/expression/ext/normal/a6/lxhxyuannian_thumb.gif,negative
lxhx睡觉,罗小黑,http://img.t.sinajs.cn/t4/appstyle/expression/ext/normal/82/lxhxshuijiao_thumb.gif,neutral
lxhx求表扬,罗小黑,http://img.t.sinajs.cn/t4/appstyle/expression/ext/normal/21/lxhxqiubiaoyang_thumb.gif,neutral
lxhx啄地,罗小黑,http://img.t.sinajs.cn/t4/appstyle/expression/ext/normal/4a/lxhxzhuodi_thumb.gif,neutral
lxhx无聊,罗小黑,http://img.t.sinajs.cn/t4/appstyle/expression/ext/normal/71/lxhxwuliao_thumb.gif,negative
lxhx顺毛,罗小黑,http://img.t.sinajs.cn/t4/appstyle/expression/ext/normal/e0/lxhxshunmao_thumb.gif,neutral
lxhx喝奶,罗小黑,http://img.t.sinajs.cn/t4/appstyle/expression/ext/normal/ab/lxhxhenai_thumb.gif,neutral
lxhx不爽,罗小黑,http://img.t.sinajs.cn/t4/appstyle/expression/ext/normal/f2/lxhxbushuang_thumb.gif,negative
lxhx老大,罗小黑,http://img.t.sinajs.cn/t4/appstyle/expression/ext/normal/89/lxhxlaoda_thumb.gif,neutral
lxhx生日快乐,罗小黑,http://img.t.sinajs.cn/t4/appstyle/expression/ext/normal/37/lxhxshengrikuaile_thumb.gif,positive
mtjj拜年,罗小黑,http://img.t.sinajs.cn/t4/appstyle/expression/ext/normal/5b/longnianmtjj_thumb.gif,positive
